DEVICE_ID,CUSTOMER,PROJECT,PREDICTED_SECTION,SECTION_CONFIDENCE,PREDICTED_CLUSTER,CLUSTER_CONFIDENCE,REJECTION_REASON,FORMAT_WARNING,PREDICTED_AT
LL001,OILTEK,,SECTION 3,96.62,CLUSTER 1,97.91,,,2026-05-15 16:15:38
CR1201,Lipico,A1825,UNKNOWN,,UNKNOWN,,unseen CUSTOMER 'Lipico' — please assign manually,,2026-05-19 14:03:42
CR1202,Lipico,A1825,UNKNOWN,,UNKNOWN,,unseen CUSTOMER 'Lipico' — please assign manually,,2026-05-19 14:03:42
CR1203,Lipico,A1825,UNKNOWN,,UNKNOWN,,unseen CUSTOMER 'Lipico' — please assign manually,,2026-05-19 14:03:42
CR1204,Lipico,A1825,UNKNOWN,,UNKNOWN,,unseen CUSTOMER 'Lipico' — please assign manually,,2026-05-19 14:03:42
CR1205,Lipico,A1825,UNKNOWN,,UNKNOWN,,unseen CUSTOMER 'Lipico' — please assign manually,,2026-05-19 14:03:42
CR1206,Lipico,A1825,UNKNOWN,,UNKNOWN,,unseen CUSTOMER 'Lipico' — please assign manually,,2026-05-19 14:03:42
CR1207,Lipico,A1825,UNKNOWN,,UNKNOWN,,unseen CUSTOMER 'Lipico' — please assign manually,,2026-05-19 14:03:42
CR1208,Lipico,A1825,UNKNOWN,,UNKNOWN,,unseen CUSTOMER 'Lipico' — please assign manually,,2026-05-19 14:03:42
CR1209,Lipico,A1825,UNKNOWN,,UNKNOWN,,unseen CUSTOMER 'Lipico' — please assign manually,,2026-05-19 14:03:42
CR1210,Lipico,A1825,UNKNOWN,,UNKNOWN,,unseen CUSTOMER 'Lipico' — please assign manually,,2026-05-19 14:03:42
CR1211,Lipico,A1825,UNKNOWN,,UNKNOWN,,unseen CUSTOMER 'Lipico' — please assign manually,,2026-05-19 14:03:42
CR1212,Lipico,A1825,UNKNOWN,,UNKNOWN,,unseen CUSTOMER 'Lipico' — please assign manually,,2026-05-19 14:03:42
PU1201,Lipico,A1825,UNKNOWN,,UNKNOWN,,unseen CUSTOMER 'Lipico' — please assign manually,,2026-05-19 14:03:42
PU1202,Lipico,A1825,UNKNOWN,,UNKNOWN,,unseen CUSTOMER 'Lipico' — please assign manually,,2026-05-19 14:03:42
PU1203,Lipico,A1825,UNKNOWN,,UNKNOWN,,unseen CUSTOMER 'Lipico' — please assign manually,,2026-05-19 14:03:42
PU1204,Lipico,A1825,UNKNOWN,,UNKNOWN,,unseen CUSTOMER 'Lipico' — please assign manually,,2026-05-19 14:03:42
PU1205,Lipico,A1825,UNKNOWN,,UNKNOWN,,unseen CUSTOMER 'Lipico' — please assign manually,,2026-05-19 14:03:42
PU1206,Lipico,A1825,UNKNOWN,,UNKNOWN,,unseen CUSTOMER 'Lipico' — please assign manually,,2026-05-19 14:03:42
PU1207,Lipico,A1825,UNKNOWN,,UNKNOWN,,unseen CUSTOMER 'Lipico' — please assign manually,,2026-05-19 14:03:42
PU1208,Lipico,A1825,UNKNOWN,,UNKNOWN,,unseen CUSTOMER 'Lipico' — please assign manually,,2026-05-19 14:03:42
PU1209,Lipico,A1825,UNKNOWN,,UNKNOWN,,unseen CUSTOMER 'Lipico' — please assign manually,,2026-05-19 14:03:42
PU1210,Lipico,A1825,UNKNOWN,,UNKNOWN,,unseen CUSTOMER 'Lipico' — please assign manually,,2026-05-19 14:03:42
PU1211,Lipico,A1825,UNKNOWN,,UNKNOWN,,unseen CUSTOMER 'Lipico' — please assign manually,,2026-05-19 14:03:42
PU1212,Lipico,A1825,UNKNOWN,,UNKNOWN,,unseen CUSTOMER 'Lipico' — please assign manually,,2026-05-19 14:03:42
PU101A,Lipico,A1825,UNKNOWN,,UNKNOWN,,unseen CUSTOMER 'Lipico' — please assign manually,,2026-05-19 14:03:42
PU101B,Lipico,A1825,UNKNOWN,,UNKNOWN,,unseen CUSTOMER 'Lipico' — please assign manually,,2026-05-19 14:03:42
PU111,Lipico,A1825,UNKNOWN,,UNKNOWN,,unseen CUSTOMER 'Lipico' — please assign manually,,2026-05-19 14:03:42
PU161,Lipico,A1825,UNKNOWN,,UNKNOWN,,unseen CUSTOMER 'Lipico' — please assign manually,,2026-05-19 14:03:42
PU221A,Lipico,A1825,UNKNOWN,,UNKNOWN,,unseen CUSTOMER 'Lipico' — please assign manually,,2026-05-19 14:03:42
PU221B,Lipico,A1825,UNKNOWN,,UNKNOWN,,unseen CUSTOMER 'Lipico' — please assign manually,,2026-05-19 14:03:42
PU231,Lipico,A1825,UNKNOWN,,UNKNOWN,,unseen CUSTOMER 'Lipico' — please assign manually,,2026-05-19 14:03:42
PU241A,Lipico,A1825,UNKNOWN,,UNKNOWN,,unseen CUSTOMER 'Lipico' — please assign manually,,2026-05-19 14:03:42
PU241B,Lipico,A1825,UNKNOWN,,UNKNOWN,,unseen CUSTOMER 'Lipico' — please assign manually,,2026-05-19 14:03:42
PU251,Lipico,A1825,UNKNOWN,,UNKNOWN,,unseen CUSTOMER 'Lipico' — please assign manually,,2026-05-19 14:03:42
PU162,Lipico,A1825,UNKNOWN,,UNKNOWN,,unseen CUSTOMER 'Lipico' — please assign manually,,2026-05-19 14:03:42
PU131,Lipico,A1825,UNKNOWN,,UNKNOWN,,unseen CUSTOMER 'Lipico' — please assign manually,,2026-05-19 14:03:42
PU131B,Lipico,A1825,UNKNOWN,,UNKNOWN,,unseen CUSTOMER 'Lipico' — please assign manually,,2026-05-19 14:03:42
PU132A,Lipico,A1825,UNKNOWN,,UNKNOWN,,unseen CUSTOMER 'Lipico' — please assign manually,,2026-05-19 14:03:42
PU132B,Lipico,A1825,UNKNOWN,,UNKNOWN,,unseen CUSTOMER 'Lipico' — please assign manually,,2026-05-19 14:03:42
PU141A,Lipico,A1825,UNKNOWN,,UNKNOWN,,unseen CUSTOMER 'Lipico' — please assign manually,,2026-05-19 14:03:42
PU141B,Lipico,A1825,UNKNOWN,,UNKNOWN,,unseen CUSTOMER 'Lipico' — please assign manually,,2026-05-19 14:03:42
PU151,Lipico,A1825,UNKNOWN,,UNKNOWN,,unseen CUSTOMER 'Lipico' — please assign manually,,2026-05-19 14:03:42
PU151B,Lipico,A1825,UNKNOWN,,UNKNOWN,,unseen CUSTOMER 'Lipico' — please assign manually,,2026-05-19 14:03:42
CU131A,Lipico,A1825,UNKNOWN,,UNKNOWN,,unseen CUSTOMER 'Lipico' — please assign manually,,2026-05-19 14:03:42
CU131B,Lipico,A1825,UNKNOWN,,UNKNOWN,,unseen CUSTOMER 'Lipico' — please assign manually,,2026-05-19 14:03:42
CT151F1,Lipico,A1825,UNKNOWN,,UNKNOWN,,unseen CUSTOMER 'Lipico' — please assign manually,,2026-05-19 14:03:42
CT151F2,Lipico,A1825,UNKNOWN,,UNKNOWN,,unseen CUSTOMER 'Lipico' — please assign manually,,2026-05-19 14:03:42
CT141AF1,Lipico,A1825,UNKNOWN,,UNKNOWN,,unseen CUSTOMER 'Lipico' — please assign manually,,2026-05-19 14:03:42
CT141AF2,Lipico,A1825,UNKNOWN,,UNKNOWN,,unseen CUSTOMER 'Lipico' — please assign manually,,2026-05-19 14:03:42
CT141BF1,Lipico,A1825,UNKNOWN,,UNKNOWN,,unseen CUSTOMER 'Lipico' — please assign manually,,2026-05-19 14:03:42
CT141BF2,Lipico,A1825,UNKNOWN,,UNKNOWN,,unseen CUSTOMER 'Lipico' — please assign manually,,2026-05-19 14:03:42
CU131CSP,Lipico,A1825,UNKNOWN,,UNKNOWN,,unseen CUSTOMER 'Lipico' — please assign manually,,2026-05-19 14:03:42
CT141CF1SP,Lipico,A1825,UNKNOWN,,UNKNOWN,,unseen CUSTOMER 'Lipico' — please assign manually,,2026-05-19 14:03:42
CT141CF2SP,Lipico,A1825,UNKNOWN,,UNKNOWN,,unseen CUSTOMER 'Lipico' — please assign manually,,2026-05-19 14:03:42
SPPU1,Lipico,A1825,UNKNOWN,,UNKNOWN,,unseen CUSTOMER 'Lipico' — please assign manually,,2026-05-19 14:03:42
SPPU2,Lipico,A1825,UNKNOWN,,UNKNOWN,,unseen CUSTOMER 'Lipico' — please assign manually,,2026-05-19 14:03:42
SPPU3,Lipico,A1825,UNKNOWN,,UNKNOWN,,unseen CUSTOMER 'Lipico' — please assign manually,,2026-05-19 14:03:42
SPPU4,Lipico,A1825,UNKNOWN,,UNKNOWN,,unseen CUSTOMER 'Lipico' — please assign manually,,2026-05-19 14:03:42
PU211,Lipico,A1825,UNKNOWN,,UNKNOWN,,unseen CUSTOMER 'Lipico' — please assign manually,,2026-05-19 14:03:42
HM211A,Lipico,A1825,UNKNOWN,,UNKNOWN,,unseen CUSTOMER 'Lipico' — please assign manually,,2026-05-19 14:03:42
HM211B,Lipico,A1825,UNKNOWN,,UNKNOWN,,unseen CUSTOMER 'Lipico' — please assign manually,,2026-05-19 14:03:42
PU261,Lipico,A1825,UNKNOWN,,UNKNOWN,,unseen CUSTOMER 'Lipico' — please assign manually,,2026-05-19 14:03:42
FN261,Lipico,A1825,UNKNOWN,,UNKNOWN,,unseen CUSTOMER 'Lipico' — please assign manually,,2026-05-19 14:03:42
FT100,Lipico,A1825,UNKNOWN,,UNKNOWN,,unseen CUSTOMER 'Lipico' — please assign manually,,2026-05-19 14:03:42
FT221,Lipico,A1825,UNKNOWN,,UNKNOWN,,unseen CUSTOMER 'Lipico' — please assign manually,,2026-05-19 14:03:42
FT221B,Lipico,A1825,UNKNOWN,,UNKNOWN,,unseen CUSTOMER 'Lipico' — please assign manually,,2026-05-19 14:03:42
FT223,Lipico,A1825,UNKNOWN,,UNKNOWN,,unseen CUSTOMER 'Lipico' — please assign manually,,2026-05-19 14:03:42
FT111,Lipico,A1825,UNKNOWN,,UNKNOWN,,unseen CUSTOMER 'Lipico' — please assign manually,,2026-05-19 14:03:42
FTSP1,Lipico,A1825,UNKNOWN,,UNKNOWN,,unseen CUSTOMER 'Lipico' — please assign manually,,2026-05-19 14:03:42
FTSP2,Lipico,A1825,UNKNOWN,,UNKNOWN,,unseen CUSTOMER 'Lipico' — please assign manually,,2026-05-19 14:03:42
TE101,Lipico,A1825,UNKNOWN,,UNKNOWN,,unseen CUSTOMER 'Lipico' — please assign manually,,2026-05-19 14:03:42
TE111,Lipico,A1825,UNKNOWN,,UNKNOWN,,unseen CUSTOMER 'Lipico' — please assign manually,,2026-05-19 14:03:42
TE1201A,Lipico,A1825,UNKNOWN,,UNKNOWN,,unseen CUSTOMER 'Lipico' — please assign manually,,2026-05-19 14:03:42
TE1202A,Lipico,A1825,UNKNOWN,,UNKNOWN,,unseen CUSTOMER 'Lipico' — please assign manually,,2026-05-19 14:03:42
TE1203A,Lipico,A1825,UNKNOWN,,UNKNOWN,,unseen CUSTOMER 'Lipico' — please assign manually,,2026-05-19 14:03:42
TE1204A,Lipico,A1825,UNKNOWN,,UNKNOWN,,unseen CUSTOMER 'Lipico' — please assign manually,,2026-05-19 14:03:42
TE1205A,Lipico,A1825,UNKNOWN,,UNKNOWN,,unseen CUSTOMER 'Lipico' — please assign manually,,2026-05-19 14:03:42
TE1206A,Lipico,A1825,UNKNOWN,,UNKNOWN,,unseen CUSTOMER 'Lipico' — please assign manually,,2026-05-19 14:03:42
TE1207A,Lipico,A1825,UNKNOWN,,UNKNOWN,,unseen CUSTOMER 'Lipico' — please assign manually,,2026-05-19 14:03:42
TE1208A,Lipico,A1825,UNKNOWN,,UNKNOWN,,unseen CUSTOMER 'Lipico' — please assign manually,,2026-05-19 14:03:42
TE1209A,Lipico,A1825,UNKNOWN,,UNKNOWN,,unseen CUSTOMER 'Lipico' — please assign manually,,2026-05-19 14:03:42
TE1210A,Lipico,A1825,UNKNOWN,,UNKNOWN,,unseen CUSTOMER 'Lipico' — please assign manually,,2026-05-19 14:03:42
TE1211A,Lipico,A1825,UNKNOWN,,UNKNOWN,,unseen CUSTOMER 'Lipico' — please assign manually,,2026-05-19 14:03:42
TE1212A,Lipico,A1825,UNKNOWN,,UNKNOWN,,unseen CUSTOMER 'Lipico' — please assign manually,,2026-05-19 14:03:42
TE1201B,Lipico,A1825,UNKNOWN,,UNKNOWN,,unseen CUSTOMER 'Lipico' — please assign manually,,2026-05-19 14:03:42
TE1202B,Lipico,A1825,UNKNOWN,,UNKNOWN,,unseen CUSTOMER 'Lipico' — please assign manually,,2026-05-19 14:03:42
TE1203B,Lipico,A1825,UNKNOWN,,UNKNOWN,,unseen CUSTOMER 'Lipico' — please assign manually,,2026-05-19 14:03:42
TE1204B,Lipico,A1825,UNKNOWN,,UNKNOWN,,unseen CUSTOMER 'Lipico' — please assign manually,,2026-05-19 14:03:42
TE1205B,Lipico,A1825,UNKNOWN,,UNKNOWN,,unseen CUSTOMER 'Lipico' — please assign manually,,2026-05-19 14:03:42
TE1206B,Lipico,A1825,UNKNOWN,,UNKNOWN,,unseen CUSTOMER 'Lipico' — please assign manually,,2026-05-19 14:03:42
TE1207B,Lipico,A1825,UNKNOWN,,UNKNOWN,,unseen CUSTOMER 'Lipico' — please assign manually,,2026-05-19 14:03:42
TE1208B,Lipico,A1825,UNKNOWN,,UNKNOWN,,unseen CUSTOMER 'Lipico' — please assign manually,,2026-05-19 14:03:42
TE1209B,Lipico,A1825,UNKNOWN,,UNKNOWN,,unseen CUSTOMER 'Lipico' — please assign manually,,2026-05-19 14:03:42
TE1210B,Lipico,A1825,UNKNOWN,,UNKNOWN,,unseen CUSTOMER 'Lipico' — please assign manually,,2026-05-19 14:03:42
TE1211B,Lipico,A1825,UNKNOWN,,UNKNOWN,,unseen CUSTOMER 'Lipico' — please assign manually,,2026-05-19 14:03:42
TE1212B,Lipico,A1825,UNKNOWN,,UNKNOWN,,unseen CUSTOMER 'Lipico' — please assign manually,,2026-05-19 14:03:42
LT1201,Lipico,A1825,UNKNOWN,,UNKNOWN,,unseen CUSTOMER 'Lipico' — please assign manually,,2026-05-19 14:03:42
LT1202,Lipico,A1825,UNKNOWN,,UNKNOWN,,unseen CUSTOMER 'Lipico' — please assign manually,,2026-05-19 14:03:42
LT1203,Lipico,A1825,UNKNOWN,,UNKNOWN,,unseen CUSTOMER 'Lipico' — please assign manually,,2026-05-19 14:03:42
LT1204,Lipico,A1825,UNKNOWN,,UNKNOWN,,unseen CUSTOMER 'Lipico' — please assign manually,,2026-05-19 14:03:42
LT1205,Lipico,A1825,UNKNOWN,,UNKNOWN,,unseen CUSTOMER 'Lipico' — please assign manually,,2026-05-19 14:03:42
LT1206,Lipico,A1825,UNKNOWN,,UNKNOWN,,unseen CUSTOMER 'Lipico' — please assign manually,,2026-05-19 14:03:42
LT1207,Lipico,A1825,UNKNOWN,,UNKNOWN,,unseen CUSTOMER 'Lipico' — please assign manually,,2026-05-19 14:03:42
LT1208,Lipico,A1825,UNKNOWN,,UNKNOWN,,unseen CUSTOMER 'Lipico' — please assign manually,,2026-05-19 14:03:42
LT1209,Lipico,A1825,UNKNOWN,,UNKNOWN,,unseen CUSTOMER 'Lipico' — please assign manually,,2026-05-19 14:03:42
LT1210,Lipico,A1825,UNKNOWN,,UNKNOWN,,unseen CUSTOMER 'Lipico' — please assign manually,,2026-05-19 14:03:42
LT1211,Lipico,A1825,UNKNOWN,,UNKNOWN,,unseen CUSTOMER 'Lipico' — please assign manually,,2026-05-19 14:03:42
LT1212,Lipico,A1825,UNKNOWN,,UNKNOWN,,unseen CUSTOMER 'Lipico' — please assign manually,,2026-05-19 14:03:42
SIC1201,Lipico,A1825,UNKNOWN,,UNKNOWN,,unseen CUSTOMER 'Lipico' — please assign manually,,2026-05-19 14:03:42
SIC1202,Lipico,A1825,UNKNOWN,,UNKNOWN,,unseen CUSTOMER 'Lipico' — please assign manually,,2026-05-19 14:03:42
SIC1203,Lipico,A1825,UNKNOWN,,UNKNOWN,,unseen CUSTOMER 'Lipico' — please assign manually,,2026-05-19 14:03:42
SIC1204,Lipico,A1825,UNKNOWN,,UNKNOWN,,unseen CUSTOMER 'Lipico' — please assign manually,,2026-05-19 14:03:42
SIC1205,Lipico,A1825,UNKNOWN,,UNKNOWN,,unseen CUSTOMER 'Lipico' — please assign manually,,2026-05-19 14:03:42
SIC1206,Lipico,A1825,UNKNOWN,,UNKNOWN,,unseen CUSTOMER 'Lipico' — please assign manually,,2026-05-19 14:03:42
SIC1207,Lipico,A1825,UNKNOWN,,UNKNOWN,,unseen CUSTOMER 'Lipico' — please assign manually,,2026-05-19 14:03:42
SIC1208,Lipico,A1825,UNKNOWN,,UNKNOWN,,unseen CUSTOMER 'Lipico' — please assign manually,,2026-05-19 14:03:42
SIC1209,Lipico,A1825,UNKNOWN,,UNKNOWN,,unseen CUSTOMER 'Lipico' — please assign manually,,2026-05-19 14:03:42
SIC1210,Lipico,A1825,UNKNOWN,,UNKNOWN,,unseen CUSTOMER 'Lipico' — please assign manually,,2026-05-19 14:03:42
SIC1211,Lipico,A1825,UNKNOWN,,UNKNOWN,,unseen CUSTOMER 'Lipico' — please assign manually,,2026-05-19 14:03:42
SIC1212,Lipico,A1825,UNKNOWN,,UNKNOWN,,unseen CUSTOMER 'Lipico' — please assign manually,,2026-05-19 14:03:42
CR1201SPD,Lipico,A1825,UNKNOWN,,UNKNOWN,,unseen CUSTOMER 'Lipico' — please assign manually,,2026-05-19 14:03:42
CR1202SPD,Lipico,A1825,UNKNOWN,,UNKNOWN,,unseen CUSTOMER 'Lipico' — please assign manually,,2026-05-19 14:03:42
CR1203SPD,Lipico,A1825,UNKNOWN,,UNKNOWN,,unseen CUSTOMER 'Lipico' — please assign manually,,2026-05-19 14:03:42
CR1204SPD,Lipico,A1825,UNKNOWN,,UNKNOWN,,unseen CUSTOMER 'Lipico' — please assign manually,,2026-05-19 14:03:42
CR1205SPD,Lipico,A1825,UNKNOWN,,UNKNOWN,,unseen CUSTOMER 'Lipico' — please assign manually,,2026-05-19 14:03:42
CR1206SPD,Lipico,A1825,UNKNOWN,,UNKNOWN,,unseen CUSTOMER 'Lipico' — please assign manually,,2026-05-19 14:03:42
CR1207SPD,Lipico,A1825,UNKNOWN,,UNKNOWN,,unseen CUSTOMER 'Lipico' — please assign manually,,2026-05-19 14:03:42
CR1208SPD,Lipico,A1825,UNKNOWN,,UNKNOWN,,unseen CUSTOMER 'Lipico' — please assign manually,,2026-05-19 14:03:42
CR1209SPD,Lipico,A1825,UNKNOWN,,UNKNOWN,,unseen CUSTOMER 'Lipico' — please assign manually,,2026-05-19 14:03:42
CR1210SPD,Lipico,A1825,UNKNOWN,,UNKNOWN,,unseen CUSTOMER 'Lipico' — please assign manually,,2026-05-19 14:03:42
CR1211SPD,Lipico,A1825,UNKNOWN,,UNKNOWN,,unseen CUSTOMER 'Lipico' — please assign manually,,2026-05-19 14:03:42
CR1212SPD,Lipico,A1825,UNKNOWN,,UNKNOWN,,unseen CUSTOMER 'Lipico' — please assign manually,,2026-05-19 14:03:42
TE1201C,Lipico,A1825,UNKNOWN,,UNKNOWN,,unseen CUSTOMER 'Lipico' — please assign manually,,2026-05-19 14:03:42
TE1202C,Lipico,A1825,UNKNOWN,,UNKNOWN,,unseen CUSTOMER 'Lipico' — please assign manually,,2026-05-19 14:03:42
TE1203C,Lipico,A1825,UNKNOWN,,UNKNOWN,,unseen CUSTOMER 'Lipico' — please assign manually,,2026-05-19 14:03:42
TE1204C,Lipico,A1825,UNKNOWN,,UNKNOWN,,unseen CUSTOMER 'Lipico' — please assign manually,,2026-05-19 14:03:42
TE1205C,Lipico,A1825,UNKNOWN,,UNKNOWN,,unseen CUSTOMER 'Lipico' — please assign manually,,2026-05-19 14:03:42
TE1206C,Lipico,A1825,UNKNOWN,,UNKNOWN,,unseen CUSTOMER 'Lipico' — please assign manually,,2026-05-19 14:03:42
TE1207C,Lipico,A1825,UNKNOWN,,UNKNOWN,,unseen CUSTOMER 'Lipico' — please assign manually,,2026-05-19 14:03:42
TE1208C,Lipico,A1825,UNKNOWN,,UNKNOWN,,unseen CUSTOMER 'Lipico' — please assign manually,,2026-05-19 14:03:42
TE1209C,Lipico,A1825,UNKNOWN,,UNKNOWN,,unseen CUSTOMER 'Lipico' — please assign manually,,2026-05-19 14:03:42
TE1210C,Lipico,A1825,UNKNOWN,,UNKNOWN,,unseen CUSTOMER 'Lipico' — please assign manually,,2026-05-19 14:03:42
TE1211C,Lipico,A1825,UNKNOWN,,UNKNOWN,,unseen CUSTOMER 'Lipico' — please assign manually,,2026-05-19 14:03:42
TE1212C,Lipico,A1825,UNKNOWN,,UNKNOWN,,unseen CUSTOMER 'Lipico' — please assign manually,,2026-05-19 14:03:42
TE161,Lipico,A1825,UNKNOWN,,UNKNOWN,,unseen CUSTOMER 'Lipico' — please assign manually,,2026-05-19 14:03:42
TE112,Lipico,A1825,UNKNOWN,,UNKNOWN,,unseen CUSTOMER 'Lipico' — please assign manually,,2026-05-19 14:03:42
PT200,Lipico,A1825,UNKNOWN,,UNKNOWN,,unseen CUSTOMER 'Lipico' — please assign manually,,2026-05-19 14:03:42
PT201,Lipico,A1825,UNKNOWN,,UNKNOWN,,unseen CUSTOMER 'Lipico' — please assign manually,,2026-05-19 14:03:42
PTN2,Lipico,A1825,UNKNOWN,,UNKNOWN,,unseen CUSTOMER 'Lipico' — please assign manually,,2026-05-19 14:03:42
LT241A,Lipico,A1825,UNKNOWN,,UNKNOWN,,unseen CUSTOMER 'Lipico' — please assign manually,,2026-05-19 14:03:42
LT241B,Lipico,A1825,UNKNOWN,,UNKNOWN,,unseen CUSTOMER 'Lipico' — please assign manually,,2026-05-19 14:03:42
LT261,Lipico,A1825,UNKNOWN,,UNKNOWN,,unseen CUSTOMER 'Lipico' — please assign manually,,2026-05-19 14:03:42
LT221A,Lipico,A1825,UNKNOWN,,UNKNOWN,,unseen CUSTOMER 'Lipico' — please assign manually,,2026-05-19 14:03:42
LT221B,Lipico,A1825,UNKNOWN,,UNKNOWN,,unseen CUSTOMER 'Lipico' — please assign manually,,2026-05-19 14:03:42
LT231,Lipico,A1825,UNKNOWN,,UNKNOWN,,unseen CUSTOMER 'Lipico' — please assign manually,,2026-05-19 14:03:42
LT251,Lipico,A1825,UNKNOWN,,UNKNOWN,,unseen CUSTOMER 'Lipico' — please assign manually,,2026-05-19 14:03:42
TE221A,Lipico,A1825,UNKNOWN,,UNKNOWN,,unseen CUSTOMER 'Lipico' — please assign manually,,2026-05-19 14:03:42
TE221B,Lipico,A1825,UNKNOWN,,UNKNOWN,,unseen CUSTOMER 'Lipico' — please assign manually,,2026-05-19 14:03:42
TE231A,Lipico,A1825,UNKNOWN,,UNKNOWN,,unseen CUSTOMER 'Lipico' — please assign manually,,2026-05-19 14:03:42
TE251,Lipico,A1825,UNKNOWN,,UNKNOWN,,unseen CUSTOMER 'Lipico' — please assign manually,,2026-05-19 14:03:42
TE131A,Lipico,A1825,UNKNOWN,,UNKNOWN,,unseen CUSTOMER 'Lipico' — please assign manually,,2026-05-19 14:03:42
TE132AA,Lipico,A1825,UNKNOWN,,UNKNOWN,,unseen CUSTOMER 'Lipico' — please assign manually,,2026-05-19 14:03:42
TE132AB,Lipico,A1825,UNKNOWN,,UNKNOWN,,unseen CUSTOMER 'Lipico' — please assign manually,,2026-05-19 14:03:42
TE132BA,Lipico,A1825,UNKNOWN,,UNKNOWN,,unseen CUSTOMER 'Lipico' — please assign manually,,2026-05-19 14:03:42
TE132BB,Lipico,A1825,UNKNOWN,,UNKNOWN,,unseen CUSTOMER 'Lipico' — please assign manually,,2026-05-19 14:03:42
TE141A,Lipico,A1825,UNKNOWN,,UNKNOWN,,unseen CUSTOMER 'Lipico' — please assign manually,,2026-05-19 14:03:42
TE141B,Lipico,A1825,UNKNOWN,,UNKNOWN,,unseen CUSTOMER 'Lipico' — please assign manually,,2026-05-19 14:03:42
TE151,Lipico,A1825,UNKNOWN,,UNKNOWN,,unseen CUSTOMER 'Lipico' — please assign manually,,2026-05-19 14:03:42
PT131,Lipico,A1825,UNKNOWN,,UNKNOWN,,unseen CUSTOMER 'Lipico' — please assign manually,,2026-05-19 14:03:42
PT151,Lipico,A1825,UNKNOWN,,UNKNOWN,,unseen CUSTOMER 'Lipico' — please assign manually,,2026-05-19 14:03:42
TV1201,Lipico,A1825,UNKNOWN,,UNKNOWN,,unseen CUSTOMER 'Lipico' — please assign manually,,2026-05-19 14:03:42
TV1202,Lipico,A1825,UNKNOWN,,UNKNOWN,,unseen CUSTOMER 'Lipico' — please assign manually,,2026-05-19 14:03:42
TV1203,Lipico,A1825,UNKNOWN,,UNKNOWN,,unseen CUSTOMER 'Lipico' — please assign manually,,2026-05-19 14:03:42
TV1204,Lipico,A1825,UNKNOWN,,UNKNOWN,,unseen CUSTOMER 'Lipico' — please assign manually,,2026-05-19 14:03:42
TV1205,Lipico,A1825,UNKNOWN,,UNKNOWN,,unseen CUSTOMER 'Lipico' — please assign manually,,2026-05-19 14:03:42
TV1206,Lipico,A1825,UNKNOWN,,UNKNOWN,,unseen CUSTOMER 'Lipico' — please assign manually,,2026-05-19 14:03:42
TV1207,Lipico,A1825,UNKNOWN,,UNKNOWN,,unseen CUSTOMER 'Lipico' — please assign manually,,2026-05-19 14:03:42
TV1208,Lipico,A1825,UNKNOWN,,UNKNOWN,,unseen CUSTOMER 'Lipico' — please assign manually,,2026-05-19 14:03:42
TV1209,Lipico,A1825,UNKNOWN,,UNKNOWN,,unseen CUSTOMER 'Lipico' — please assign manually,,2026-05-19 14:03:42
TV1210,Lipico,A1825,UNKNOWN,,UNKNOWN,,unseen CUSTOMER 'Lipico' — please assign manually,,2026-05-19 14:03:42
TV1211,Lipico,A1825,UNKNOWN,,UNKNOWN,,unseen CUSTOMER 'Lipico' — please assign manually,,2026-05-19 14:03:42
TV1212,Lipico,A1825,UNKNOWN,,UNKNOWN,,unseen CUSTOMER 'Lipico' — please assign manually,,2026-05-19 14:03:42
TV101,Lipico,A1825,UNKNOWN,,UNKNOWN,,unseen CUSTOMER 'Lipico' — please assign manually,,2026-05-19 14:03:42
TV111,Lipico,A1825,UNKNOWN,,UNKNOWN,,unseen CUSTOMER 'Lipico' — please assign manually,,2026-05-19 14:03:42
TV161,Lipico,A1825,UNKNOWN,,UNKNOWN,,unseen CUSTOMER 'Lipico' — please assign manually,,2026-05-19 14:03:42
TV112,Lipico,A1825,UNKNOWN,,UNKNOWN,,unseen CUSTOMER 'Lipico' — please assign manually,,2026-05-19 14:03:42
TV231,Lipico,A1825,UNKNOWN,,UNKNOWN,,unseen CUSTOMER 'Lipico' — please assign manually,,2026-05-19 14:03:42
PT161,Lipico,A1825,UNKNOWN,,UNKNOWN,,unseen CUSTOMER 'Lipico' — please assign manually,,2026-05-19 14:03:42
PTSP2,Lipico,A1825,UNKNOWN,,UNKNOWN,,unseen CUSTOMER 'Lipico' — please assign manually,,2026-05-19 14:03:42
PTSP3,Lipico,A1825,UNKNOWN,,UNKNOWN,,unseen CUSTOMER 'Lipico' — please assign manually,,2026-05-19 14:03:42
PTSP4,Lipico,A1825,UNKNOWN,,UNKNOWN,,unseen CUSTOMER 'Lipico' — please assign manually,,2026-05-19 14:03:42
PTSP5,Lipico,A1825,UNKNOWN,,UNKNOWN,,unseen CUSTOMER 'Lipico' — please assign manually,,2026-05-19 14:03:42
PTSP6,Lipico,A1825,UNKNOWN,,UNKNOWN,,unseen CUSTOMER 'Lipico' — please assign manually,,2026-05-19 14:03:42
TE241A,Lipico,A1825,UNKNOWN,,UNKNOWN,,unseen CUSTOMER 'Lipico' — please assign manually,,2026-05-19 14:03:42
TE161A,Lipico,A1825,UNKNOWN,,UNKNOWN,,unseen CUSTOMER 'Lipico' — please assign manually,,2026-05-19 14:03:42
TE251,Lipico,A1825,UNKNOWN,,UNKNOWN,,unseen CUSTOMER 'Lipico' — please assign manually,,2026-05-19 14:03:42
TESP4,Lipico,A1825,UNKNOWN,,UNKNOWN,,unseen CUSTOMER 'Lipico' — please assign manually,,2026-05-19 14:03:42
TESP5,Lipico,A1825,UNKNOWN,,UNKNOWN,,unseen CUSTOMER 'Lipico' — please assign manually,,2026-05-19 14:03:42
TESP6,Lipico,A1825,UNKNOWN,,UNKNOWN,,unseen CUSTOMER 'Lipico' — please assign manually,,2026-05-19 14:03:42
SPCV1,Lipico,A1825,UNKNOWN,,UNKNOWN,,unseen CUSTOMER 'Lipico' — please assign manually,,2026-05-19 14:03:42
PISH211,Lipico,A1825,UNKNOWN,,UNKNOWN,,unseen CUSTOMER 'Lipico' — please assign manually,,2026-05-19 14:03:42
PISH261,Lipico,A1825,UNKNOWN,,UNKNOWN,,unseen CUSTOMER 'Lipico' — please assign manually,,2026-05-19 14:03:42
TISH211,Lipico,A1825,UNKNOWN,,UNKNOWN,,unseen CUSTOMER 'Lipico' — please assign manually,,2026-05-19 14:03:42
TISH261,Lipico,A1825,UNKNOWN,,UNKNOWN,,unseen CUSTOMER 'Lipico' — please assign manually,,2026-05-19 14:03:42
PT212,Lipico,A1825,UNKNOWN,,UNKNOWN,,unseen CUSTOMER 'Lipico' — please assign manually,,2026-05-19 14:03:42
PT213,Lipico,A1825,UNKNOWN,,UNKNOWN,,unseen CUSTOMER 'Lipico' — please assign manually,,2026-05-19 14:03:42
PT211,Lipico,A1825,UNKNOWN,,UNKNOWN,,unseen CUSTOMER 'Lipico' — please assign manually,,2026-05-19 14:03:42
PT261,Lipico,A1825,UNKNOWN,,UNKNOWN,,unseen CUSTOMER 'Lipico' — please assign manually,,2026-05-19 14:03:42
TE241A,Lipico,A1825,UNKNOWN,,UNKNOWN,,unseen CUSTOMER 'Lipico' — please assign manually,,2026-05-19 14:03:42
TE241B,Lipico,A1825,UNKNOWN,,UNKNOWN,,unseen CUSTOMER 'Lipico' — please assign manually,,2026-05-19 14:03:42
TE261,Lipico,A1825,UNKNOWN,,UNKNOWN,,unseen CUSTOMER 'Lipico' — please assign manually,,2026-05-19 14:03:42
SIC211,Lipico,A1825,UNKNOWN,,UNKNOWN,,unseen CUSTOMER 'Lipico' — please assign manually,,2026-05-19 14:03:42
SIC261,Lipico,A1825,UNKNOWN,,UNKNOWN,,unseen CUSTOMER 'Lipico' — please assign manually,,2026-05-19 14:03:42
FM100,Lipico,A1825,UNKNOWN,,UNKNOWN,,unseen CUSTOMER 'Lipico' — please assign manually,,2026-05-19 14:03:42
FM221,Lipico,A1825,UNKNOWN,,UNKNOWN,,unseen CUSTOMER 'Lipico' — please assign manually,,2026-05-19 14:03:42
FM221B,Lipico,A1825,UNKNOWN,,UNKNOWN,,unseen CUSTOMER 'Lipico' — please assign manually,,2026-05-19 14:03:42
FM223,Lipico,A1825,UNKNOWN,,UNKNOWN,,unseen CUSTOMER 'Lipico' — please assign manually,,2026-05-19 14:03:42
FM111,Lipico,A1825,UNKNOWN,,UNKNOWN,,unseen CUSTOMER 'Lipico' — please assign manually,,2026-05-19 14:03:42
FMSP1,Lipico,A1825,UNKNOWN,,UNKNOWN,,unseen CUSTOMER 'Lipico' — please assign manually,,2026-05-19 14:03:42
FMSP2,Lipico,A1825,UNKNOWN,,UNKNOWN,,unseen CUSTOMER 'Lipico' — please assign manually,,2026-05-19 14:03:42
LAHH1201,Lipico,A1825,UNKNOWN,,UNKNOWN,,unseen CUSTOMER 'Lipico' — please assign manually,,2026-05-19 14:03:42
LAHH1202,Lipico,A1825,UNKNOWN,,UNKNOWN,,unseen CUSTOMER 'Lipico' — please assign manually,,2026-05-19 14:03:42
LAHH1203,Lipico,A1825,UNKNOWN,,UNKNOWN,,unseen CUSTOMER 'Lipico' — please assign manually,,2026-05-19 14:03:42
LAHH1204,Lipico,A1825,UNKNOWN,,UNKNOWN,,unseen CUSTOMER 'Lipico' — please assign manually,,2026-05-19 14:03:42
LAHH1205,Lipico,A1825,UNKNOWN,,UNKNOWN,,unseen CUSTOMER 'Lipico' — please assign manually,,2026-05-19 14:03:42
LAHH1206,Lipico,A1825,UNKNOWN,,UNKNOWN,,unseen CUSTOMER 'Lipico' — please assign manually,,2026-05-19 14:03:42
LAHH1207,Lipico,A1825,UNKNOWN,,UNKNOWN,,unseen CUSTOMER 'Lipico' — please assign manually,,2026-05-19 14:03:42
LAHH1208,Lipico,A1825,UNKNOWN,,UNKNOWN,,unseen CUSTOMER 'Lipico' — please assign manually,,2026-05-19 14:03:42
LAHH1209,Lipico,A1825,UNKNOWN,,UNKNOWN,,unseen CUSTOMER 'Lipico' — please assign manually,,2026-05-19 14:03:42
LAHH1210,Lipico,A1825,UNKNOWN,,UNKNOWN,,unseen CUSTOMER 'Lipico' — please assign manually,,2026-05-19 14:03:42
LAHH1211,Lipico,A1825,UNKNOWN,,UNKNOWN,,unseen CUSTOMER 'Lipico' — please assign manually,,2026-05-19 14:03:42
LAHH1212,Lipico,A1825,UNKNOWN,,UNKNOWN,,unseen CUSTOMER 'Lipico' — please assign manually,,2026-05-19 14:03:42
LAHH101,Lipico,A1825,UNKNOWN,,UNKNOWN,,unseen CUSTOMER 'Lipico' — please assign manually,,2026-05-19 14:03:42
LAL161,Lipico,A1825,UNKNOWN,,UNKNOWN,,unseen CUSTOMER 'Lipico' — please assign manually,,2026-05-19 14:03:42
LAH161,Lipico,A1825,UNKNOWN,,UNKNOWN,,unseen CUSTOMER 'Lipico' — please assign manually,,2026-05-19 14:03:42
LAL162,Lipico,A1825,UNKNOWN,,UNKNOWN,,unseen CUSTOMER 'Lipico' — please assign manually,,2026-05-19 14:03:42
LAH162,Lipico,A1825,UNKNOWN,,UNKNOWN,,unseen CUSTOMER 'Lipico' — please assign manually,,2026-05-19 14:03:42
LAL221A,Lipico,A1825,UNKNOWN,,UNKNOWN,,unseen CUSTOMER 'Lipico' — please assign manually,,2026-05-19 14:03:42
LAL221B,Lipico,A1825,UNKNOWN,,UNKNOWN,,unseen CUSTOMER 'Lipico' — please assign manually,,2026-05-19 14:03:42
LAH221A,Lipico,A1825,UNKNOWN,,UNKNOWN,,unseen CUSTOMER 'Lipico' — please assign manually,,2026-05-19 14:03:42
LAH221B,Lipico,A1825,UNKNOWN,,UNKNOWN,,unseen CUSTOMER 'Lipico' — please assign manually,,2026-05-19 14:03:42
LAHH221A,Lipico,A1825,UNKNOWN,,UNKNOWN,,unseen CUSTOMER 'Lipico' — please assign manually,,2026-05-19 14:03:42
LAHH221B,Lipico,A1825,UNKNOWN,,UNKNOWN,,unseen CUSTOMER 'Lipico' — please assign manually,,2026-05-19 14:03:42
LAL231,Lipico,A1825,UNKNOWN,,UNKNOWN,,unseen CUSTOMER 'Lipico' — please assign manually,,2026-05-19 14:03:42
LAH231,Lipico,A1825,UNKNOWN,,UNKNOWN,,unseen CUSTOMER 'Lipico' — please assign manually,,2026-05-19 14:03:42
LAL241A,Lipico,A1825,UNKNOWN,,UNKNOWN,,unseen CUSTOMER 'Lipico' — please assign manually,,2026-05-19 14:03:42
LAL241B,Lipico,A1825,UNKNOWN,,UNKNOWN,,unseen CUSTOMER 'Lipico' — please assign manually,,2026-05-19 14:03:42
LAH241A,Lipico,A1825,UNKNOWN,,UNKNOWN,,unseen CUSTOMER 'Lipico' — please assign manually,,2026-05-19 14:03:42
LAH241B,Lipico,A1825,UNKNOWN,,UNKNOWN,,unseen CUSTOMER 'Lipico' — please assign manually,,2026-05-19 14:03:42
LAL251,Lipico,A1825,UNKNOWN,,UNKNOWN,,unseen CUSTOMER 'Lipico' — please assign manually,,2026-05-19 14:03:42
LAH251,Lipico,A1825,UNKNOWN,,UNKNOWN,,unseen CUSTOMER 'Lipico' — please assign manually,,2026-05-19 14:03:42
LAHH261,Lipico,A1825,UNKNOWN,,UNKNOWN,,unseen CUSTOMER 'Lipico' — please assign manually,,2026-05-19 14:03:42
LAL131A,Lipico,A1825,UNKNOWN,,UNKNOWN,,unseen CUSTOMER 'Lipico' — please assign manually,,2026-05-19 14:03:42
LAH131A,Lipico,A1825,UNKNOWN,,UNKNOWN,,unseen CUSTOMER 'Lipico' — please assign manually,,2026-05-19 14:03:42
FS131A,Lipico,A1825,UNKNOWN,,UNKNOWN,,unseen CUSTOMER 'Lipico' — please assign manually,,2026-05-19 14:03:42
FS131B,Lipico,A1825,UNKNOWN,,UNKNOWN,,unseen CUSTOMER 'Lipico' — please assign manually,,2026-05-19 14:03:42
FS141A,Lipico,A1825,UNKNOWN,,UNKNOWN,,unseen CUSTOMER 'Lipico' — please assign manually,,2026-05-19 14:03:42
FS141B,Lipico,A1825,UNKNOWN,,UNKNOWN,,unseen CUSTOMER 'Lipico' — please assign manually,,2026-05-19 14:03:42
ROPESWITCH,Lipico,A1825,UNKNOWN,,UNKNOWN,,unseen CUSTOMER 'Lipico' — please assign manually,,2026-05-19 14:03:42
PS3,Lipico,A1825,UNKNOWN,,UNKNOWN,,unseen CUSTOMER 'Lipico' — please assign manually,,2026-05-19 14:03:42
PS1,Lipico,A1825,UNKNOWN,,UNKNOWN,,unseen CUSTOMER 'Lipico' — please assign manually,,2026-05-19 14:03:42
PS2,Lipico,A1825,UNKNOWN,,UNKNOWN,,unseen CUSTOMER 'Lipico' — please assign manually,,2026-05-19 14:03:42
PS4,Lipico,A1825,UNKNOWN,,UNKNOWN,,unseen CUSTOMER 'Lipico' — please assign manually,,2026-05-19 14:03:42
PS5,Lipico,A1825,UNKNOWN,,UNKNOWN,,unseen CUSTOMER 'Lipico' — please assign manually,,2026-05-19 14:03:42
PS6,Lipico,A1825,UNKNOWN,,UNKNOWN,,unseen CUSTOMER 'Lipico' — please assign manually,,2026-05-19 14:03:42
PS7,Lipico,A1825,UNKNOWN,,UNKNOWN,,unseen CUSTOMER 'Lipico' — please assign manually,,2026-05-19 14:03:42
PS8,Lipico,A1825,UNKNOWN,,UNKNOWN,,unseen CUSTOMER 'Lipico' — please assign manually,,2026-05-19 14:03:42
FILTERHORN,Lipico,A1825,UNKNOWN,,UNKNOWN,,unseen CUSTOMER 'Lipico' — please assign manually,,2026-05-19 14:03:42
STANDARDPOSITIONSIGNAL,Lipico,A1825,UNKNOWN,,UNKNOWN,,unseen CUSTOMER 'Lipico' — please assign manually,,2026-05-19 14:03:42
PLFILTERCLOSE,Lipico,A1825,UNKNOWN,,UNKNOWN,,unseen CUSTOMER 'Lipico' — please assign manually,,2026-05-19 14:03:42
PLFILTEROPEN,Lipico,A1825,UNKNOWN,,UNKNOWN,,unseen CUSTOMER 'Lipico' — please assign manually,,2026-05-19 14:03:42
PBEMERGENCYSTOPA,Lipico,A1825,UNKNOWN,,UNKNOWN,,unseen CUSTOMER 'Lipico' — please assign manually,,2026-05-19 14:03:42
PBOPENFILTERA,Lipico,A1825,UNKNOWN,,UNKNOWN,,unseen CUSTOMER 'Lipico' — please assign manually,,2026-05-19 14:03:42
PBCLOSEFILTERA,Lipico,A1825,UNKNOWN,,UNKNOWN,,unseen CUSTOMER 'Lipico' — please assign manually,,2026-05-19 14:03:42
PBSEMISTEPFILTERA,Lipico,A1825,UNKNOWN,,UNKNOWN,,unseen CUSTOMER 'Lipico' — please assign manually,,2026-05-19 14:03:42
TLALARMFILTER,Lipico,A1825,UNKNOWN,,UNKNOWN,,unseen CUSTOMER 'Lipico' — please assign manually,,2026-05-19 14:03:42
TLPROCESSRUNNINGFILTER,Lipico,A1825,UNKNOWN,,UNKNOWN,,unseen CUSTOMER 'Lipico' — please assign manually,,2026-05-19 14:03:42
TLFILTERMOVING,Lipico,A1825,UNKNOWN,,UNKNOWN,,unseen CUSTOMER 'Lipico' — please assign manually,,2026-05-19 14:03:42
LSSP1,Lipico,A1825,UNKNOWN,,UNKNOWN,,unseen CUSTOMER 'Lipico' — please assign manually,,2026-05-19 14:03:42
LSSP2,Lipico,A1825,UNKNOWN,,UNKNOWN,,unseen CUSTOMER 'Lipico' — please assign manually,,2026-05-19 14:03:42
LSSP3,Lipico,A1825,UNKNOWN,,UNKNOWN,,unseen CUSTOMER 'Lipico' — please assign manually,,2026-05-19 14:03:42
LSSP4,Lipico,A1825,UNKNOWN,,UNKNOWN,,unseen CUSTOMER 'Lipico' — please assign manually,,2026-05-19 14:03:42
LSSP5,Lipico,A1825,UNKNOWN,,UNKNOWN,,unseen CUSTOMER 'Lipico' — please assign manually,,2026-05-19 14:03:42
LSSP6,Lipico,A1825,UNKNOWN,,UNKNOWN,,unseen CUSTOMER 'Lipico' — please assign manually,,2026-05-19 14:03:42
LAL131B,Lipico,A1825,UNKNOWN,,UNKNOWN,,unseen CUSTOMER 'Lipico' — please assign manually,,2026-05-19 14:03:42
LAH131B,Lipico,A1825,UNKNOWN,,UNKNOWN,,unseen CUSTOMER 'Lipico' — please assign manually,,2026-05-19 14:03:42
V101,Lipico,A1825,UNKNOWN,,UNKNOWN,,unseen CUSTOMER 'Lipico' — please assign manually,,2026-05-19 14:03:42
V111,Lipico,A1825,UNKNOWN,,UNKNOWN,,unseen CUSTOMER 'Lipico' — please assign manually,,2026-05-19 14:03:42
V112,Lipico,A1825,UNKNOWN,,UNKNOWN,,unseen CUSTOMER 'Lipico' — please assign manually,,2026-05-19 14:03:42
V113,Lipico,A1825,UNKNOWN,,UNKNOWN,,unseen CUSTOMER 'Lipico' — please assign manually,,2026-05-19 14:03:42
V114,Lipico,A1825,UNKNOWN,,UNKNOWN,,unseen CUSTOMER 'Lipico' — please assign manually,,2026-05-19 14:03:42
V115,Lipico,A1825,UNKNOWN,,UNKNOWN,,unseen CUSTOMER 'Lipico' — please assign manually,,2026-05-19 14:03:42
V1201A,Lipico,A1825,UNKNOWN,,UNKNOWN,,unseen CUSTOMER 'Lipico' — please assign manually,,2026-05-19 14:03:42
V1201B,Lipico,A1825,UNKNOWN,,UNKNOWN,,unseen CUSTOMER 'Lipico' — please assign manually,,2026-05-19 14:03:42
V1201C,Lipico,A1825,UNKNOWN,,UNKNOWN,,unseen CUSTOMER 'Lipico' — please assign manually,,2026-05-19 14:03:42
V1201D,Lipico,A1825,UNKNOWN,,UNKNOWN,,unseen CUSTOMER 'Lipico' — please assign manually,,2026-05-19 14:03:42
V1201E,Lipico,A1825,UNKNOWN,,UNKNOWN,,unseen CUSTOMER 'Lipico' — please assign manually,,2026-05-19 14:03:42
V1201F,Lipico,A1825,UNKNOWN,,UNKNOWN,,unseen CUSTOMER 'Lipico' — please assign manually,,2026-05-19 14:03:42
V1201G,Lipico,A1825,UNKNOWN,,UNKNOWN,,unseen CUSTOMER 'Lipico' — please assign manually,,2026-05-19 14:03:42
V1201H,Lipico,A1825,UNKNOWN,,UNKNOWN,,unseen CUSTOMER 'Lipico' — please assign manually,,2026-05-19 14:03:42
V1201I,Lipico,A1825,UNKNOWN,,UNKNOWN,,unseen CUSTOMER 'Lipico' — please assign manually,,2026-05-19 14:03:42
V1202A,Lipico,A1825,UNKNOWN,,UNKNOWN,,unseen CUSTOMER 'Lipico' — please assign manually,,2026-05-19 14:03:42
V1202B,Lipico,A1825,UNKNOWN,,UNKNOWN,,unseen CUSTOMER 'Lipico' — please assign manually,,2026-05-19 14:03:42
V1202C,Lipico,A1825,UNKNOWN,,UNKNOWN,,unseen CUSTOMER 'Lipico' — please assign manually,,2026-05-19 14:03:42
V1202D,Lipico,A1825,UNKNOWN,,UNKNOWN,,unseen CUSTOMER 'Lipico' — please assign manually,,2026-05-19 14:03:42
V1202E,Lipico,A1825,UNKNOWN,,UNKNOWN,,unseen CUSTOMER 'Lipico' — please assign manually,,2026-05-19 14:03:42
V1202F,Lipico,A1825,UNKNOWN,,UNKNOWN,,unseen CUSTOMER 'Lipico' — please assign manually,,2026-05-19 14:03:42
V1202G,Lipico,A1825,UNKNOWN,,UNKNOWN,,unseen CUSTOMER 'Lipico' — please assign manually,,2026-05-19 14:03:42
V1202H,Lipico,A1825,UNKNOWN,,UNKNOWN,,unseen CUSTOMER 'Lipico' — please assign manually,,2026-05-19 14:03:42
V1202I,Lipico,A1825,UNKNOWN,,UNKNOWN,,unseen CUSTOMER 'Lipico' — please assign manually,,2026-05-19 14:03:42
V1203A,Lipico,A1825,UNKNOWN,,UNKNOWN,,unseen CUSTOMER 'Lipico' — please assign manually,,2026-05-19 14:03:42
V1203B,Lipico,A1825,UNKNOWN,,UNKNOWN,,unseen CUSTOMER 'Lipico' — please assign manually,,2026-05-19 14:03:42
V1203C,Lipico,A1825,UNKNOWN,,UNKNOWN,,unseen CUSTOMER 'Lipico' — please assign manually,,2026-05-19 14:03:42
V1203D,Lipico,A1825,UNKNOWN,,UNKNOWN,,unseen CUSTOMER 'Lipico' — please assign manually,,2026-05-19 14:03:42
V1203E,Lipico,A1825,UNKNOWN,,UNKNOWN,,unseen CUSTOMER 'Lipico' — please assign manually,,2026-05-19 14:03:42
V1203F,Lipico,A1825,UNKNOWN,,UNKNOWN,,unseen CUSTOMER 'Lipico' — please assign manually,,2026-05-19 14:03:42
V1203G,Lipico,A1825,UNKNOWN,,UNKNOWN,,unseen CUSTOMER 'Lipico' — please assign manually,,2026-05-19 14:03:42
V1203H,Lipico,A1825,UNKNOWN,,UNKNOWN,,unseen CUSTOMER 'Lipico' — please assign manually,,2026-05-19 14:03:42
V1203I,Lipico,A1825,UNKNOWN,,UNKNOWN,,unseen CUSTOMER 'Lipico' — please assign manually,,2026-05-19 14:03:42
V1204A,Lipico,A1825,UNKNOWN,,UNKNOWN,,unseen CUSTOMER 'Lipico' — please assign manually,,2026-05-19 14:03:42
V1204B,Lipico,A1825,UNKNOWN,,UNKNOWN,,unseen CUSTOMER 'Lipico' — please assign manually,,2026-05-19 14:03:42
V1204C,Lipico,A1825,UNKNOWN,,UNKNOWN,,unseen CUSTOMER 'Lipico' — please assign manually,,2026-05-19 14:03:42
V1204D,Lipico,A1825,UNKNOWN,,UNKNOWN,,unseen CUSTOMER 'Lipico' — please assign manually,,2026-05-19 14:03:42
V1204E,Lipico,A1825,UNKNOWN,,UNKNOWN,,unseen CUSTOMER 'Lipico' — please assign manually,,2026-05-19 14:03:42
V1204F,Lipico,A1825,UNKNOWN,,UNKNOWN,,unseen CUSTOMER 'Lipico' — please assign manually,,2026-05-19 14:03:42
V1204G,Lipico,A1825,UNKNOWN,,UNKNOWN,,unseen CUSTOMER 'Lipico' — please assign manually,,2026-05-19 14:03:42
V1204H,Lipico,A1825,UNKNOWN,,UNKNOWN,,unseen CUSTOMER 'Lipico' — please assign manually,,2026-05-19 14:03:42
V1204I,Lipico,A1825,UNKNOWN,,UNKNOWN,,unseen CUSTOMER 'Lipico' — please assign manually,,2026-05-19 14:03:42
V1205A,Lipico,A1825,UNKNOWN,,UNKNOWN,,unseen CUSTOMER 'Lipico' — please assign manually,,2026-05-19 14:03:42
V1205B,Lipico,A1825,UNKNOWN,,UNKNOWN,,unseen CUSTOMER 'Lipico' — please assign manually,,2026-05-19 14:03:42
V1205C,Lipico,A1825,UNKNOWN,,UNKNOWN,,unseen CUSTOMER 'Lipico' — please assign manually,,2026-05-19 14:03:42
V1205D,Lipico,A1825,UNKNOWN,,UNKNOWN,,unseen CUSTOMER 'Lipico' — please assign manually,,2026-05-19 14:03:42
V1205E,Lipico,A1825,UNKNOWN,,UNKNOWN,,unseen CUSTOMER 'Lipico' — please assign manually,,2026-05-19 14:03:42
V1205F,Lipico,A1825,UNKNOWN,,UNKNOWN,,unseen CUSTOMER 'Lipico' — please assign manually,,2026-05-19 14:03:42
V1205G,Lipico,A1825,UNKNOWN,,UNKNOWN,,unseen CUSTOMER 'Lipico' — please assign manually,,2026-05-19 14:03:42
V1205H,Lipico,A1825,UNKNOWN,,UNKNOWN,,unseen CUSTOMER 'Lipico' — please assign manually,,2026-05-19 14:03:42
V1205I,Lipico,A1825,UNKNOWN,,UNKNOWN,,unseen CUSTOMER 'Lipico' — please assign manually,,2026-05-19 14:03:42
V1206A,Lipico,A1825,UNKNOWN,,UNKNOWN,,unseen CUSTOMER 'Lipico' — please assign manually,,2026-05-19 14:03:42
V1206B,Lipico,A1825,UNKNOWN,,UNKNOWN,,unseen CUSTOMER 'Lipico' — please assign manually,,2026-05-19 14:03:42
V1206C,Lipico,A1825,UNKNOWN,,UNKNOWN,,unseen CUSTOMER 'Lipico' — please assign manually,,2026-05-19 14:03:42
V1206D,Lipico,A1825,UNKNOWN,,UNKNOWN,,unseen CUSTOMER 'Lipico' — please assign manually,,2026-05-19 14:03:42
V1206E,Lipico,A1825,UNKNOWN,,UNKNOWN,,unseen CUSTOMER 'Lipico' — please assign manually,,2026-05-19 14:03:42
V1206F,Lipico,A1825,UNKNOWN,,UNKNOWN,,unseen CUSTOMER 'Lipico' — please assign manually,,2026-05-19 14:03:42
V1206G,Lipico,A1825,UNKNOWN,,UNKNOWN,,unseen CUSTOMER 'Lipico' — please assign manually,,2026-05-19 14:03:42
V1206H,Lipico,A1825,UNKNOWN,,UNKNOWN,,unseen CUSTOMER 'Lipico' — please assign manually,,2026-05-19 14:03:42
V1206I,Lipico,A1825,UNKNOWN,,UNKNOWN,,unseen CUSTOMER 'Lipico' — please assign manually,,2026-05-19 14:03:42
V1207A,Lipico,A1825,UNKNOWN,,UNKNOWN,,unseen CUSTOMER 'Lipico' — please assign manually,,2026-05-19 14:03:42
V1207B,Lipico,A1825,UNKNOWN,,UNKNOWN,,unseen CUSTOMER 'Lipico' — please assign manually,,2026-05-19 14:03:42
V1207C,Lipico,A1825,UNKNOWN,,UNKNOWN,,unseen CUSTOMER 'Lipico' — please assign manually,,2026-05-19 14:03:42
V1207D,Lipico,A1825,UNKNOWN,,UNKNOWN,,unseen CUSTOMER 'Lipico' — please assign manually,,2026-05-19 14:03:42
V1207E,Lipico,A1825,UNKNOWN,,UNKNOWN,,unseen CUSTOMER 'Lipico' — please assign manually,,2026-05-19 14:03:42
V1207F,Lipico,A1825,UNKNOWN,,UNKNOWN,,unseen CUSTOMER 'Lipico' — please assign manually,,2026-05-19 14:03:42
V1207G,Lipico,A1825,UNKNOWN,,UNKNOWN,,unseen CUSTOMER 'Lipico' — please assign manually,,2026-05-19 14:03:42
V1207H,Lipico,A1825,UNKNOWN,,UNKNOWN,,unseen CUSTOMER 'Lipico' — please assign manually,,2026-05-19 14:03:42
V1207I,Lipico,A1825,UNKNOWN,,UNKNOWN,,unseen CUSTOMER 'Lipico' — please assign manually,,2026-05-19 14:03:42
V1208A,Lipico,A1825,UNKNOWN,,UNKNOWN,,unseen CUSTOMER 'Lipico' — please assign manually,,2026-05-19 14:03:42
V1208B,Lipico,A1825,UNKNOWN,,UNKNOWN,,unseen CUSTOMER 'Lipico' — please assign manually,,2026-05-19 14:03:42
V1208C,Lipico,A1825,UNKNOWN,,UNKNOWN,,unseen CUSTOMER 'Lipico' — please assign manually,,2026-05-19 14:03:42
V1208D,Lipico,A1825,UNKNOWN,,UNKNOWN,,unseen CUSTOMER 'Lipico' — please assign manually,,2026-05-19 14:03:42
V1208E,Lipico,A1825,UNKNOWN,,UNKNOWN,,unseen CUSTOMER 'Lipico' — please assign manually,,2026-05-19 14:03:42
V1208F,Lipico,A1825,UNKNOWN,,UNKNOWN,,unseen CUSTOMER 'Lipico' — please assign manually,,2026-05-19 14:03:42
V1208G,Lipico,A1825,UNKNOWN,,UNKNOWN,,unseen CUSTOMER 'Lipico' — please assign manually,,2026-05-19 14:03:42
V1208H,Lipico,A1825,UNKNOWN,,UNKNOWN,,unseen CUSTOMER 'Lipico' — please assign manually,,2026-05-19 14:03:42
V1208I,Lipico,A1825,UNKNOWN,,UNKNOWN,,unseen CUSTOMER 'Lipico' — please assign manually,,2026-05-19 14:03:42
V1209A,Lipico,A1825,UNKNOWN,,UNKNOWN,,unseen CUSTOMER 'Lipico' — please assign manually,,2026-05-19 14:03:42
V1209B,Lipico,A1825,UNKNOWN,,UNKNOWN,,unseen CUSTOMER 'Lipico' — please assign manually,,2026-05-19 14:03:42
V1209C,Lipico,A1825,UNKNOWN,,UNKNOWN,,unseen CUSTOMER 'Lipico' — please assign manually,,2026-05-19 14:03:42
V1209D,Lipico,A1825,UNKNOWN,,UNKNOWN,,unseen CUSTOMER 'Lipico' — please assign manually,,2026-05-19 14:03:42
V1209E,Lipico,A1825,UNKNOWN,,UNKNOWN,,unseen CUSTOMER 'Lipico' — please assign manually,,2026-05-19 14:03:42
V1209F,Lipico,A1825,UNKNOWN,,UNKNOWN,,unseen CUSTOMER 'Lipico' — please assign manually,,2026-05-19 14:03:42
V1209G,Lipico,A1825,UNKNOWN,,UNKNOWN,,unseen CUSTOMER 'Lipico' — please assign manually,,2026-05-19 14:03:42
V1209H,Lipico,A1825,UNKNOWN,,UNKNOWN,,unseen CUSTOMER 'Lipico' — please assign manually,,2026-05-19 14:03:42
V1209I,Lipico,A1825,UNKNOWN,,UNKNOWN,,unseen CUSTOMER 'Lipico' — please assign manually,,2026-05-19 14:03:42
V1210A,Lipico,A1825,UNKNOWN,,UNKNOWN,,unseen CUSTOMER 'Lipico' — please assign manually,,2026-05-19 14:03:42
V1210B,Lipico,A1825,UNKNOWN,,UNKNOWN,,unseen CUSTOMER 'Lipico' — please assign manually,,2026-05-19 14:03:42
V1210C,Lipico,A1825,UNKNOWN,,UNKNOWN,,unseen CUSTOMER 'Lipico' — please assign manually,,2026-05-19 14:03:42
V1210D,Lipico,A1825,UNKNOWN,,UNKNOWN,,unseen CUSTOMER 'Lipico' — please assign manually,,2026-05-19 14:03:42
V1210E,Lipico,A1825,UNKNOWN,,UNKNOWN,,unseen CUSTOMER 'Lipico' — please assign manually,,2026-05-19 14:03:42
V1210F,Lipico,A1825,UNKNOWN,,UNKNOWN,,unseen CUSTOMER 'Lipico' — please assign manually,,2026-05-19 14:03:42
V1210G,Lipico,A1825,UNKNOWN,,UNKNOWN,,unseen CUSTOMER 'Lipico' — please assign manually,,2026-05-19 14:03:42
V1210H,Lipico,A1825,UNKNOWN,,UNKNOWN,,unseen CUSTOMER 'Lipico' — please assign manually,,2026-05-19 14:03:42
V1210I,Lipico,A1825,UNKNOWN,,UNKNOWN,,unseen CUSTOMER 'Lipico' — please assign manually,,2026-05-19 14:03:42
V1211A,Lipico,A1825,UNKNOWN,,UNKNOWN,,unseen CUSTOMER 'Lipico' — please assign manually,,2026-05-19 14:03:42
V1211B,Lipico,A1825,UNKNOWN,,UNKNOWN,,unseen CUSTOMER 'Lipico' — please assign manually,,2026-05-19 14:03:42
V1211C,Lipico,A1825,UNKNOWN,,UNKNOWN,,unseen CUSTOMER 'Lipico' — please assign manually,,2026-05-19 14:03:42
V1211D,Lipico,A1825,UNKNOWN,,UNKNOWN,,unseen CUSTOMER 'Lipico' — please assign manually,,2026-05-19 14:03:42
V1211E,Lipico,A1825,UNKNOWN,,UNKNOWN,,unseen CUSTOMER 'Lipico' — please assign manually,,2026-05-19 14:03:42
V1211F,Lipico,A1825,UNKNOWN,,UNKNOWN,,unseen CUSTOMER 'Lipico' — please assign manually,,2026-05-19 14:03:42
V1211G,Lipico,A1825,UNKNOWN,,UNKNOWN,,unseen CUSTOMER 'Lipico' — please assign manually,,2026-05-19 14:03:42
V1211H,Lipico,A1825,UNKNOWN,,UNKNOWN,,unseen CUSTOMER 'Lipico' — please assign manually,,2026-05-19 14:03:42
V1211I,Lipico,A1825,UNKNOWN,,UNKNOWN,,unseen CUSTOMER 'Lipico' — please assign manually,,2026-05-19 14:03:42
V1212A,Lipico,A1825,UNKNOWN,,UNKNOWN,,unseen CUSTOMER 'Lipico' — please assign manually,,2026-05-19 14:03:42
V1212B,Lipico,A1825,UNKNOWN,,UNKNOWN,,unseen CUSTOMER 'Lipico' — please assign manually,,2026-05-19 14:03:42
V1212C,Lipico,A1825,UNKNOWN,,UNKNOWN,,unseen CUSTOMER 'Lipico' — please assign manually,,2026-05-19 14:03:42
V1212D,Lipico,A1825,UNKNOWN,,UNKNOWN,,unseen CUSTOMER 'Lipico' — please assign manually,,2026-05-19 14:03:42
V1212E,Lipico,A1825,UNKNOWN,,UNKNOWN,,unseen CUSTOMER 'Lipico' — please assign manually,,2026-05-19 14:03:42
V1212F,Lipico,A1825,UNKNOWN,,UNKNOWN,,unseen CUSTOMER 'Lipico' — please assign manually,,2026-05-19 14:03:42
V1212G,Lipico,A1825,UNKNOWN,,UNKNOWN,,unseen CUSTOMER 'Lipico' — please assign manually,,2026-05-19 14:03:42
V1212H,Lipico,A1825,UNKNOWN,,UNKNOWN,,unseen CUSTOMER 'Lipico' — please assign manually,,2026-05-19 14:03:42
V1212I,Lipico,A1825,UNKNOWN,,UNKNOWN,,unseen CUSTOMER 'Lipico' — please assign manually,,2026-05-19 14:03:42
V160,Lipico,A1825,UNKNOWN,,UNKNOWN,,unseen CUSTOMER 'Lipico' — please assign manually,,2026-05-19 14:03:42
V162,Lipico,A1825,UNKNOWN,,UNKNOWN,,unseen CUSTOMER 'Lipico' — please assign manually,,2026-05-19 14:03:42
V243,Lipico,A1825,UNKNOWN,,UNKNOWN,,unseen CUSTOMER 'Lipico' — please assign manually,,2026-05-19 14:03:42
V251,Lipico,A1825,UNKNOWN,,UNKNOWN,,unseen CUSTOMER 'Lipico' — please assign manually,,2026-05-19 14:03:42
V261,Lipico,A1825,UNKNOWN,,UNKNOWN,,unseen CUSTOMER 'Lipico' — please assign manually,,2026-05-19 14:03:42
V262,Lipico,A1825,UNKNOWN,,UNKNOWN,,unseen CUSTOMER 'Lipico' — please assign manually,,2026-05-19 14:03:42
V263,Lipico,A1825,UNKNOWN,,UNKNOWN,,unseen CUSTOMER 'Lipico' — please assign manually,,2026-05-19 14:03:42
V264,Lipico,A1825,UNKNOWN,,UNKNOWN,,unseen CUSTOMER 'Lipico' — please assign manually,,2026-05-19 14:03:42
TV241A,Lipico,A1825,UNKNOWN,,UNKNOWN,,unseen CUSTOMER 'Lipico' — please assign manually,,2026-05-19 14:03:42
TV241B,Lipico,A1825,UNKNOWN,,UNKNOWN,,unseen CUSTOMER 'Lipico' — please assign manually,,2026-05-19 14:03:42
Y1A,Lipico,A1825,UNKNOWN,,UNKNOWN,,unseen CUSTOMER 'Lipico' — please assign manually,,2026-05-19 14:03:42
Y2A,Lipico,A1825,UNKNOWN,,UNKNOWN,,unseen CUSTOMER 'Lipico' — please assign manually,,2026-05-19 14:03:42
Y3A,Lipico,A1825,UNKNOWN,,UNKNOWN,,unseen CUSTOMER 'Lipico' — please assign manually,,2026-05-19 14:03:42
Y5A,Lipico,A1825,UNKNOWN,,UNKNOWN,,unseen CUSTOMER 'Lipico' — please assign manually,,2026-05-19 14:03:42
Y6A,Lipico,A1825,UNKNOWN,,UNKNOWN,,unseen CUSTOMER 'Lipico' — please assign manually,,2026-05-19 14:03:42
Y7A,Lipico,A1825,UNKNOWN,,UNKNOWN,,unseen CUSTOMER 'Lipico' — please assign manually,,2026-05-19 14:03:42
Y8A,Lipico,A1825,UNKNOWN,,UNKNOWN,,unseen CUSTOMER 'Lipico' — please assign manually,,2026-05-19 14:03:42
Y9A,Lipico,A1825,UNKNOWN,,UNKNOWN,,unseen CUSTOMER 'Lipico' — please assign manually,,2026-05-19 14:03:42
Y10A,Lipico,A1825,UNKNOWN,,UNKNOWN,,unseen CUSTOMER 'Lipico' — please assign manually,,2026-05-19 14:03:42
Y11A,Lipico,A1825,UNKNOWN,,UNKNOWN,,unseen CUSTOMER 'Lipico' — please assign manually,,2026-05-19 14:03:42
Y12A,Lipico,A1825,UNKNOWN,,UNKNOWN,,unseen CUSTOMER 'Lipico' — please assign manually,,2026-05-19 14:03:42
Y13A,Lipico,A1825,UNKNOWN,,UNKNOWN,,unseen CUSTOMER 'Lipico' — please assign manually,,2026-05-19 14:03:42
Y20A,Lipico,A1825,UNKNOWN,,UNKNOWN,,unseen CUSTOMER 'Lipico' — please assign manually,,2026-05-19 14:03:42
Y21A,Lipico,A1825,UNKNOWN,,UNKNOWN,,unseen CUSTOMER 'Lipico' — please assign manually,,2026-05-19 14:03:42
Y1B,Lipico,A1825,UNKNOWN,,UNKNOWN,,unseen CUSTOMER 'Lipico' — please assign manually,,2026-05-19 14:03:42
Y2B,Lipico,A1825,UNKNOWN,,UNKNOWN,,unseen CUSTOMER 'Lipico' — please assign manually,,2026-05-19 14:03:42
Y3B,Lipico,A1825,UNKNOWN,,UNKNOWN,,unseen CUSTOMER 'Lipico' — please assign manually,,2026-05-19 14:03:42
Y5B,Lipico,A1825,UNKNOWN,,UNKNOWN,,unseen CUSTOMER 'Lipico' — please assign manually,,2026-05-19 14:03:42
Y6B,Lipico,A1825,UNKNOWN,,UNKNOWN,,unseen CUSTOMER 'Lipico' — please assign manually,,2026-05-19 14:03:42
Y7B,Lipico,A1825,UNKNOWN,,UNKNOWN,,unseen CUSTOMER 'Lipico' — please assign manually,,2026-05-19 14:03:42
Y8B,Lipico,A1825,UNKNOWN,,UNKNOWN,,unseen CUSTOMER 'Lipico' — please assign manually,,2026-05-19 14:03:42
Y9B,Lipico,A1825,UNKNOWN,,UNKNOWN,,unseen CUSTOMER 'Lipico' — please assign manually,,2026-05-19 14:03:42
Y10B,Lipico,A1825,UNKNOWN,,UNKNOWN,,unseen CUSTOMER 'Lipico' — please assign manually,,2026-05-19 14:03:42
Y11B,Lipico,A1825,UNKNOWN,,UNKNOWN,,unseen CUSTOMER 'Lipico' — please assign manually,,2026-05-19 14:03:42
Y12B,Lipico,A1825,UNKNOWN,,UNKNOWN,,unseen CUSTOMER 'Lipico' — please assign manually,,2026-05-19 14:03:42
Y13B,Lipico,A1825,UNKNOWN,,UNKNOWN,,unseen CUSTOMER 'Lipico' — please assign manually,,2026-05-19 14:03:42
Y20B,Lipico,A1825,UNKNOWN,,UNKNOWN,,unseen CUSTOMER 'Lipico' — please assign manually,,2026-05-19 14:03:42
Y21B,Lipico,A1825,UNKNOWN,,UNKNOWN,,unseen CUSTOMER 'Lipico' — please assign manually,,2026-05-19 14:03:42
D6,Lipico,A1825,UNKNOWN,,UNKNOWN,,unseen CUSTOMER 'Lipico' — please assign manually,,2026-05-19 14:03:42
D7,Lipico,A1825,UNKNOWN,,UNKNOWN,,unseen CUSTOMER 'Lipico' — please assign manually,,2026-05-19 14:03:42
D8,Lipico,A1825,UNKNOWN,,UNKNOWN,,unseen CUSTOMER 'Lipico' — please assign manually,,2026-05-19 14:03:42
W4,Lipico,A1825,UNKNOWN,,UNKNOWN,,unseen CUSTOMER 'Lipico' — please assign manually,,2026-05-19 14:03:42
W5,Lipico,A1825,UNKNOWN,,UNKNOWN,,unseen CUSTOMER 'Lipico' — please assign manually,,2026-05-19 14:03:42
SPV6,Lipico,A1825,UNKNOWN,,UNKNOWN,,unseen CUSTOMER 'Lipico' — please assign manually,,2026-05-19 14:03:42
SPV7,Lipico,A1825,UNKNOWN,,UNKNOWN,,unseen CUSTOMER 'Lipico' — please assign manually,,2026-05-19 14:03:42
SPV8,Lipico,A1825,UNKNOWN,,UNKNOWN,,unseen CUSTOMER 'Lipico' — please assign manually,,2026-05-19 14:03:42
CR1201,UGS,A1825,SECTION 1,99.81,CLUSTER 9,76.9,,,2026-05-19 14:28:48
CR1202,UGS,A1825,SECTION 1,99.81,CLUSTER 9,68.1,,,2026-05-19 14:28:48
CR1203,UGS,A1825,SECTION 1,99.81,CLUSTER 9,62.08,,,2026-05-19 14:28:48
CR1204,UGS,A1825,SECTION 1,99.81,CLUSTER 9,62.08,,,2026-05-19 14:28:48
CR1205,UGS,A1825,SECTION 1,99.81,CLUSTER 9,62.08,,,2026-05-19 14:28:48
CR1206,UGS,A1825,SECTION 1,99.81,CLUSTER 9,62.08,,,2026-05-19 14:28:48
CR1207,UGS,A1825,SECTION 1,99.81,CLUSTER 9,62.08,,,2026-05-19 14:28:48
CR1208,UGS,A1825,SECTION 1,99.81,CLUSTER 9,62.08,,,2026-05-19 14:28:48
CR1209,UGS,A1825,SECTION 1,99.81,CLUSTER 9,62.08,,,2026-05-19 14:28:48
CR1210,UGS,A1825,SECTION 1,99.81,CLUSTER 9,62.08,,,2026-05-19 14:28:48
CR1211,UGS,A1825,SECTION 1,99.81,CLUSTER 9,62.08,,,2026-05-19 14:28:48
CR1212,UGS,A1825,SECTION 1,99.81,CLUSTER 9,62.08,,,2026-05-19 14:28:48
PU1201,UGS,A1825,SECTION 1,99.81,CLUSTER 9,76.9,,,2026-05-19 14:28:48
PU1202,UGS,A1825,SECTION 1,99.81,CLUSTER 9,68.1,,,2026-05-19 14:28:48
PU1203,UGS,A1825,SECTION 1,99.81,CLUSTER 9,62.08,,,2026-05-19 14:28:48
PU1204,UGS,A1825,SECTION 1,99.81,CLUSTER 9,62.08,,,2026-05-19 14:28:48
PU1205,UGS,A1825,SECTION 1,99.81,CLUSTER 9,62.08,,,2026-05-19 14:28:48
PU1206,UGS,A1825,SECTION 1,99.81,CLUSTER 9,62.08,,,2026-05-19 14:28:48
PU1207,UGS,A1825,SECTION 1,99.81,CLUSTER 9,62.08,,,2026-05-19 14:28:48
PU1208,UGS,A1825,SECTION 1,99.81,CLUSTER 9,62.08,,,2026-05-19 14:28:48
PU1209,UGS,A1825,SECTION 1,99.81,CLUSTER 9,62.08,,,2026-05-19 14:28:48
PU1210,UGS,A1825,SECTION 1,99.81,CLUSTER 9,62.08,,,2026-05-19 14:28:48
PU1211,UGS,A1825,SECTION 1,99.81,CLUSTER 9,62.08,,,2026-05-19 14:28:48
PU1212,UGS,A1825,SECTION 1,99.81,CLUSTER 9,62.08,,,2026-05-19 14:28:48
PU101A,UGS,A1825,SECTION 3,69.95,CLUSTER 1,78.82,,,2026-05-19 14:28:48
PU101B,UGS,A1825,SECTION 3,69.16,CLUSTER 1,78.59,,,2026-05-19 14:28:48
PU111,UGS,A1825,SECTION 3,82.89,CLUSTER 1,65.04,,,2026-05-19 14:28:48
PU161,UGS,A1825,SECTION 3,82.89,CLUSTER 1,65.04,,,2026-05-19 14:28:48
PU221A,UGS,A1825,SECTION 3,65.4,CLUSTER 1,69.67,,,2026-05-19 14:28:48
PU221B,UGS,A1825,SECTION 3,64.3,CLUSTER 1,69.74,,,2026-05-19 14:28:48
PU231,UGS,A1825,SECTION 3,74.19,UNKNOWN,46.11,,,2026-05-19 14:28:48
PU241A,UGS,A1825,SECTION 3,65.4,CLUSTER 1,69.67,,,2026-05-19 14:28:48
PU241B,UGS,A1825,SECTION 3,64.3,CLUSTER 1,69.74,,,2026-05-19 14:28:48
PU251,UGS,A1825,SECTION 3,74.19,UNKNOWN,46.11,,,2026-05-19 14:28:48
PU162,UGS,A1825,SECTION 3,82.89,CLUSTER 1,65.04,,,2026-05-19 14:28:48
PU131,UGS,A1825,SECTION 3,82.89,CLUSTER 1,65.04,,,2026-05-19 14:28:48
PU131B,UGS,A1825,SECTION 3,68.65,CLUSTER 1,65.48,,,2026-05-19 14:28:48
PU132A,UGS,A1825,SECTION 3,69.49,CLUSTER 1,65.64,,,2026-05-19 14:28:48
PU132B,UGS,A1825,SECTION 3,68.65,CLUSTER 1,65.48,,,2026-05-19 14:28:48
PU141A,UGS,A1825,SECTION 3,69.49,CLUSTER 1,65.64,,,2026-05-19 14:28:48
PU141B,UGS,A1825,SECTION 3,68.65,CLUSTER 1,65.48,,,2026-05-19 14:28:48
PU151,UGS,A1825,SECTION 3,82.89,CLUSTER 1,65.04,,,2026-05-19 14:28:48
PU151B,UGS,A1825,SECTION 3,68.65,CLUSTER 1,65.48,,,2026-05-19 14:28:48
CU131A,UGS,A1825,SECTION 3,69.49,CLUSTER 1,65.64,,,2026-05-19 14:28:48
CU131B,UGS,A1825,SECTION 3,68.65,CLUSTER 1,65.48,,,2026-05-19 14:28:48
CT151F1,UGS,A1825,UNKNOWN,55.12,UNKNOWN,33.64,,,2026-05-19 14:28:48
CT151F2,UGS,A1825,UNKNOWN,54.63,UNKNOWN,41.39,,,2026-05-19 14:28:48
CT141AF1,UGS,A1825,SECTION 2,79.39,CLUSTER 5,75.91,,,2026-05-19 14:28:48
CT141AF2,UGS,A1825,SECTION 2,80.44,CLUSTER 5,69.9,,,2026-05-19 14:28:48
CT141BF1,UGS,A1825,SECTION 2,79.39,CLUSTER 5,75.91,,,2026-05-19 14:28:48
CT141BF2,UGS,A1825,SECTION 2,80.44,CLUSTER 5,69.9,,,2026-05-19 14:28:48
CU131CSP,UGS,A1825,SECTION 2,85.36,UNKNOWN,50.96,,,2026-05-19 14:28:48
CT141CF1SP,UGS,A1825,SECTION 2,79.84,UNKNOWN,59.72,,,2026-05-19 14:28:48
CT141CF2SP,UGS,A1825,SECTION 2,79.84,UNKNOWN,59.72,,,2026-05-19 14:28:48
SPPU1,UGS,A1825,SECTION 4,87.6,CLUSTER 1,96.81,,,2026-05-19 14:28:48
SPPU2,UGS,A1825,SECTION 4,87.85,CLUSTER 1,89.52,,,2026-05-19 14:28:48
SPPU3,UGS,A1825,SECTION 4,87.85,CLUSTER 1,88.17,,,2026-05-19 14:28:48
SPPU4,UGS,A1825,SECTION 4,87.85,CLUSTER 1,72.0,,,2026-05-19 14:28:48
PU211,UGS,A1825,SECTION 3,76.97,UNKNOWN,46.96,,,2026-05-19 14:28:48
HM211A,UGS,A1825,SECTION 3,66.13,CLUSTER 1,61.91,,,2026-05-19 14:28:48
HM211B,UGS,A1825,SECTION 3,65.11,CLUSTER 1,61.96,,,2026-05-19 14:28:48
PU261,UGS,A1825,SECTION 3,74.19,UNKNOWN,46.11,,,2026-05-19 14:28:48
FN261,UGS,A1825,SECTION 3,74.19,UNKNOWN,46.11,,,2026-05-19 14:28:48
FT100,UGS,A1825,SECTION 3,88.93,CLUSTER 1,74.83,,,2026-05-19 14:28:48
FT221,UGS,A1825,SECTION 3,74.19,UNKNOWN,46.11,,,2026-05-19 14:28:48
FT221B,UGS,A1825,SECTION 3,64.3,CLUSTER 1,69.74,,,2026-05-19 14:28:48
FT223,UGS,A1825,SECTION 3,74.19,UNKNOWN,46.11,,,2026-05-19 14:28:48
FT111,UGS,A1825,SECTION 3,82.89,CLUSTER 1,65.04,,,2026-05-19 14:28:48
FTSP1,UGS,A1825,SECTION 4,87.6,CLUSTER 1,96.81,,,2026-05-19 14:28:48
FTSP2,UGS,A1825,SECTION 4,87.85,CLUSTER 1,89.52,,,2026-05-19 14:28:48
TE101,UGS,A1825,SECTION 3,84.43,CLUSTER 1,79.51,,,2026-05-19 14:28:48
TE111,UGS,A1825,SECTION 3,82.89,CLUSTER 1,65.04,,,2026-05-19 14:28:48
TE1201A,UGS,A1825,SECTION 1,79.61,CLUSTER 9,80.31,,,2026-05-19 14:28:48
TE1202A,UGS,A1825,SECTION 1,79.61,CLUSTER 9,80.8,,,2026-05-19 14:28:48
TE1203A,UGS,A1825,SECTION 1,79.61,CLUSTER 9,74.67,,,2026-05-19 14:28:48
TE1204A,UGS,A1825,SECTION 1,79.61,CLUSTER 9,74.67,,,2026-05-19 14:28:48
TE1205A,UGS,A1825,SECTION 1,79.61,CLUSTER 9,74.67,,,2026-05-19 14:28:48
TE1206A,UGS,A1825,SECTION 1,79.61,CLUSTER 9,74.67,,,2026-05-19 14:28:48
TE1207A,UGS,A1825,SECTION 1,79.61,CLUSTER 9,74.67,,,2026-05-19 14:28:48
TE1208A,UGS,A1825,SECTION 1,79.61,CLUSTER 9,74.67,,,2026-05-19 14:28:48
TE1209A,UGS,A1825,SECTION 1,79.61,CLUSTER 9,74.67,,,2026-05-19 14:28:48
TE1210A,UGS,A1825,SECTION 1,79.61,CLUSTER 9,74.67,,,2026-05-19 14:28:48
TE1211A,UGS,A1825,SECTION 1,79.61,CLUSTER 9,74.67,,,2026-05-19 14:28:48
TE1212A,UGS,A1825,SECTION 1,79.61,CLUSTER 9,74.67,,,2026-05-19 14:28:48
TE1201B,UGS,A1825,SECTION 1,81.63,CLUSTER 9,80.29,,,2026-05-19 14:28:48
TE1202B,UGS,A1825,SECTION 1,81.63,CLUSTER 9,80.79,,,2026-05-19 14:28:48
TE1203B,UGS,A1825,SECTION 1,81.63,CLUSTER 9,74.65,,,2026-05-19 14:28:48
TE1204B,UGS,A1825,SECTION 1,81.63,CLUSTER 9,74.65,,,2026-05-19 14:28:48
TE1205B,UGS,A1825,SECTION 1,81.63,CLUSTER 9,74.65,,,2026-05-19 14:28:48
TE1206B,UGS,A1825,SECTION 1,81.63,CLUSTER 9,74.65,,,2026-05-19 14:28:48
TE1207B,UGS,A1825,SECTION 1,81.63,CLUSTER 9,74.65,,,2026-05-19 14:28:48
TE1208B,UGS,A1825,SECTION 1,81.63,CLUSTER 9,74.65,,,2026-05-19 14:28:48
TE1209B,UGS,A1825,SECTION 1,81.63,CLUSTER 9,74.65,,,2026-05-19 14:28:48
TE1210B,UGS,A1825,SECTION 1,81.63,CLUSTER 9,74.65,,,2026-05-19 14:28:48
TE1211B,UGS,A1825,SECTION 1,81.63,CLUSTER 9,74.65,,,2026-05-19 14:28:48
TE1212B,UGS,A1825,SECTION 1,81.63,CLUSTER 9,74.65,,,2026-05-19 14:28:48
LT1201,UGS,A1825,SECTION 1,99.81,CLUSTER 9,76.9,,,2026-05-19 14:28:48
LT1202,UGS,A1825,SECTION 1,99.81,CLUSTER 9,68.1,,,2026-05-19 14:28:48
LT1203,UGS,A1825,SECTION 1,99.81,CLUSTER 9,62.08,,,2026-05-19 14:28:48
LT1204,UGS,A1825,SECTION 1,99.81,CLUSTER 9,62.08,,,2026-05-19 14:28:48
LT1205,UGS,A1825,SECTION 1,99.81,CLUSTER 9,62.08,,,2026-05-19 14:28:48
LT1206,UGS,A1825,SECTION 1,99.81,CLUSTER 9,62.08,,,2026-05-19 14:28:48
LT1207,UGS,A1825,SECTION 1,99.81,CLUSTER 9,62.08,,,2026-05-19 14:28:48
LT1208,UGS,A1825,SECTION 1,99.81,CLUSTER 9,62.08,,,2026-05-19 14:28:48
LT1209,UGS,A1825,SECTION 1,99.81,CLUSTER 9,62.08,,,2026-05-19 14:28:48
LT1210,UGS,A1825,SECTION 1,99.81,CLUSTER 9,62.08,,,2026-05-19 14:28:48
LT1211,UGS,A1825,SECTION 1,99.81,CLUSTER 9,62.08,,,2026-05-19 14:28:48
LT1212,UGS,A1825,SECTION 1,99.81,CLUSTER 9,62.08,,,2026-05-19 14:28:48
SIC1201,UGS,A1825,SECTION 1,99.8,CLUSTER 9,85.24,,,2026-05-19 14:28:48
SIC1202,UGS,A1825,SECTION 1,99.8,CLUSTER 9,85.38,,,2026-05-19 14:28:48
SIC1203,UGS,A1825,SECTION 1,99.8,CLUSTER 9,80.64,,,2026-05-19 14:28:48
SIC1204,UGS,A1825,SECTION 1,99.8,CLUSTER 9,80.64,,,2026-05-19 14:28:48
SIC1205,UGS,A1825,SECTION 1,99.8,CLUSTER 9,80.64,,,2026-05-19 14:28:48
SIC1206,UGS,A1825,SECTION 1,99.8,CLUSTER 9,80.64,,,2026-05-19 14:28:48
SIC1207,UGS,A1825,SECTION 1,99.8,CLUSTER 9,80.64,,,2026-05-19 14:28:48
SIC1208,UGS,A1825,SECTION 1,99.8,CLUSTER 9,80.64,,,2026-05-19 14:28:48
SIC1209,UGS,A1825,SECTION 1,99.8,CLUSTER 9,80.64,,,2026-05-19 14:28:48
SIC1210,UGS,A1825,SECTION 1,99.8,CLUSTER 9,80.64,,,2026-05-19 14:28:48
SIC1211,UGS,A1825,SECTION 1,99.8,CLUSTER 9,80.64,,,2026-05-19 14:28:48
SIC1212,UGS,A1825,SECTION 1,99.8,CLUSTER 9,80.64,,,2026-05-19 14:28:48
CR1201SPD,UGS,A1825,UNKNOWN,49.38,CLUSTER 9,74.94,,,2026-05-19 14:28:48
CR1202SPD,UGS,A1825,UNKNOWN,49.38,CLUSTER 9,73.34,,,2026-05-19 14:28:48
CR1203SPD,UGS,A1825,UNKNOWN,49.38,CLUSTER 9,68.07,,,2026-05-19 14:28:48
CR1204SPD,UGS,A1825,UNKNOWN,49.38,CLUSTER 9,68.07,,,2026-05-19 14:28:48
CR1205SPD,UGS,A1825,UNKNOWN,49.38,CLUSTER 9,68.07,,,2026-05-19 14:28:48
CR1206SPD,UGS,A1825,UNKNOWN,49.38,CLUSTER 9,68.07,,,2026-05-19 14:28:48
CR1207SPD,UGS,A1825,UNKNOWN,49.38,CLUSTER 9,68.07,,,2026-05-19 14:28:48
CR1208SPD,UGS,A1825,UNKNOWN,49.38,CLUSTER 9,68.07,,,2026-05-19 14:28:48
CR1209SPD,UGS,A1825,UNKNOWN,49.38,CLUSTER 9,68.07,,,2026-05-19 14:28:48
CR1210SPD,UGS,A1825,UNKNOWN,49.38,CLUSTER 9,68.07,,,2026-05-19 14:28:48
CR1211SPD,UGS,A1825,UNKNOWN,49.38,CLUSTER 9,68.07,,,2026-05-19 14:28:48
CR1212SPD,UGS,A1825,UNKNOWN,49.38,CLUSTER 9,68.07,,,2026-05-19 14:28:48
TE1201C,UGS,A1825,SECTION 1,83.77,CLUSTER 9,78.84,,,2026-05-19 14:28:48
TE1202C,UGS,A1825,SECTION 1,83.77,CLUSTER 9,79.07,,,2026-05-19 14:28:48
TE1203C,UGS,A1825,SECTION 1,83.77,CLUSTER 9,72.89,,,2026-05-19 14:28:48
TE1204C,UGS,A1825,SECTION 1,83.77,CLUSTER 9,72.89,,,2026-05-19 14:28:48
TE1205C,UGS,A1825,SECTION 1,83.77,CLUSTER 9,72.89,,,2026-05-19 14:28:48
TE1206C,UGS,A1825,SECTION 1,83.77,CLUSTER 9,72.89,,,2026-05-19 14:28:48
TE1207C,UGS,A1825,SECTION 1,83.77,CLUSTER 9,72.89,,,2026-05-19 14:28:48
TE1208C,UGS,A1825,SECTION 1,83.77,CLUSTER 9,72.89,,,2026-05-19 14:28:48
TE1209C,UGS,A1825,SECTION 1,83.77,CLUSTER 9,72.89,,,2026-05-19 14:28:48
TE1210C,UGS,A1825,SECTION 1,83.77,CLUSTER 9,72.89,,,2026-05-19 14:28:48
TE1211C,UGS,A1825,SECTION 1,83.77,CLUSTER 9,72.89,,,2026-05-19 14:28:48
TE1212C,UGS,A1825,SECTION 1,83.77,CLUSTER 9,72.89,,,2026-05-19 14:28:48
TE161,UGS,A1825,SECTION 3,82.89,CLUSTER 1,65.04,,,2026-05-19 14:28:48
TE112,UGS,A1825,SECTION 3,82.89,CLUSTER 1,65.04,,,2026-05-19 14:28:48
PT200,UGS,A1825,SECTION 3,79.68,UNKNOWN,46.1,,,2026-05-19 14:28:48
PT201,UGS,A1825,SECTION 3,79.68,UNKNOWN,46.1,,,2026-05-19 14:28:48
PTN2,UGS,A1825,SECTION 4,90.26,CLUSTER 1,86.19,,,2026-05-19 14:28:48
LT241A,UGS,A1825,SECTION 3,65.4,CLUSTER 1,69.67,,,2026-05-19 14:28:48
LT241B,UGS,A1825,SECTION 3,64.3,CLUSTER 1,69.74,,,2026-05-19 14:28:48
LT261,UGS,A1825,SECTION 3,74.19,UNKNOWN,46.11,,,2026-05-19 14:28:48
LT221A,UGS,A1825,SECTION 3,65.4,CLUSTER 1,69.67,,,2026-05-19 14:28:48
LT221B,UGS,A1825,SECTION 3,64.3,CLUSTER 1,69.74,,,2026-05-19 14:28:48
LT231,UGS,A1825,SECTION 3,74.19,UNKNOWN,46.11,,,2026-05-19 14:28:48
LT251,UGS,A1825,SECTION 3,74.19,UNKNOWN,46.11,,,2026-05-19 14:28:48
TE221A,UGS,A1825,SECTION 3,65.4,CLUSTER 1,69.67,,,2026-05-19 14:28:48
TE221B,UGS,A1825,SECTION 3,64.3,CLUSTER 1,69.74,,,2026-05-19 14:28:48
TE231A,UGS,A1825,SECTION 3,65.4,CLUSTER 1,69.67,,,2026-05-19 14:28:48
TE251,UGS,A1825,SECTION 3,74.19,UNKNOWN,46.11,,,2026-05-19 14:28:48
TE131A,UGS,A1825,SECTION 3,69.49,CLUSTER 1,65.64,,,2026-05-19 14:28:48
TE132AA,UGS,A1825,UNKNOWN,59.08,UNKNOWN,47.79,,,2026-05-19 14:28:48
TE132AB,UGS,A1825,UNKNOWN,58.7,UNKNOWN,48.03,,,2026-05-19 14:28:48
TE132BA,UGS,A1825,UNKNOWN,59.08,UNKNOWN,47.79,,,2026-05-19 14:28:48
TE132BB,UGS,A1825,UNKNOWN,58.7,UNKNOWN,48.03,,,2026-05-19 14:28:48
TE141A,UGS,A1825,SECTION 3,69.49,CLUSTER 1,65.64,,,2026-05-19 14:28:48
TE141B,UGS,A1825,SECTION 3,68.65,CLUSTER 1,65.48,,,2026-05-19 14:28:48
TE151,UGS,A1825,SECTION 3,82.89,CLUSTER 1,65.04,,,2026-05-19 14:28:48
PT131,UGS,A1825,SECTION 3,82.89,CLUSTER 1,65.04,,,2026-05-19 14:28:48
PT151,UGS,A1825,SECTION 3,82.89,CLUSTER 1,65.04,,,2026-05-19 14:28:48
TV1201,UGS,A1825,SECTION 1,99.81,CLUSTER 9,76.9,,,2026-05-19 14:28:48
TV1202,UGS,A1825,SECTION 1,99.81,CLUSTER 9,68.1,,,2026-05-19 14:28:48
TV1203,UGS,A1825,SECTION 1,99.81,CLUSTER 9,62.08,,,2026-05-19 14:28:48
TV1204,UGS,A1825,SECTION 1,99.81,CLUSTER 9,62.08,,,2026-05-19 14:28:48
TV1205,UGS,A1825,SECTION 1,99.81,CLUSTER 9,62.08,,,2026-05-19 14:28:48
TV1206,UGS,A1825,SECTION 1,99.81,CLUSTER 9,62.08,,,2026-05-19 14:28:48
TV1207,UGS,A1825,SECTION 1,99.81,CLUSTER 9,62.08,,,2026-05-19 14:28:48
TV1208,UGS,A1825,SECTION 1,99.81,CLUSTER 9,62.08,,,2026-05-19 14:28:48
TV1209,UGS,A1825,SECTION 1,99.81,CLUSTER 9,62.08,,,2026-05-19 14:28:48
TV1210,UGS,A1825,SECTION 1,99.81,CLUSTER 9,62.08,,,2026-05-19 14:28:48
TV1211,UGS,A1825,SECTION 1,99.81,CLUSTER 9,62.08,,,2026-05-19 14:28:48
TV1212,UGS,A1825,SECTION 1,99.81,CLUSTER 9,62.08,,,2026-05-19 14:28:48
TV101,UGS,A1825,SECTION 3,84.43,CLUSTER 1,79.51,,,2026-05-19 14:28:48
TV111,UGS,A1825,SECTION 3,82.89,CLUSTER 1,65.04,,,2026-05-19 14:28:48
TV161,UGS,A1825,SECTION 3,82.89,CLUSTER 1,65.04,,,2026-05-19 14:28:48
TV112,UGS,A1825,SECTION 3,82.89,CLUSTER 1,65.04,,,2026-05-19 14:28:48
TV231,UGS,A1825,SECTION 3,74.19,UNKNOWN,46.11,,,2026-05-19 14:28:48
PT161,UGS,A1825,SECTION 3,82.89,CLUSTER 1,65.04,,,2026-05-19 14:28:48
PTSP2,UGS,A1825,SECTION 4,87.85,CLUSTER 1,89.52,,,2026-05-19 14:28:48
PTSP3,UGS,A1825,SECTION 4,87.85,CLUSTER 1,88.17,,,2026-05-19 14:28:48
PTSP4,UGS,A1825,SECTION 4,87.85,CLUSTER 1,72.0,,,2026-05-19 14:28:48
PTSP5,UGS,A1825,SECTION 4,87.85,CLUSTER 1,87.17,,,2026-05-19 14:28:48
PTSP6,UGS,A1825,SECTION 4,87.85,CLUSTER 1,71.93,,,2026-05-19 14:28:48
TE241A,UGS,A1825,SECTION 3,65.4,CLUSTER 1,69.67,,,2026-05-19 14:28:48
TE161A,UGS,A1825,SECTION 3,69.49,CLUSTER 1,65.64,,,2026-05-19 14:28:48
TE251,UGS,A1825,SECTION 3,74.19,UNKNOWN,46.11,,,2026-05-19 14:28:48
TESP4,UGS,A1825,SECTION 4,87.85,CLUSTER 1,72.0,,,2026-05-19 14:28:48
TESP5,UGS,A1825,SECTION 4,87.85,CLUSTER 1,87.17,,,2026-05-19 14:28:48
TESP6,UGS,A1825,SECTION 4,87.85,CLUSTER 1,71.93,,,2026-05-19 14:28:48
SPCV1,UGS,A1825,SECTION 4,87.6,CLUSTER 1,96.81,,,2026-05-19 14:28:48
PISH211,UGS,A1825,SECTION 3,80.97,UNKNOWN,59.7,,,2026-05-19 14:28:48
PISH261,UGS,A1825,SECTION 3,78.64,UNKNOWN,55.93,,,2026-05-19 14:28:48
TISH211,UGS,A1825,SECTION 3,80.97,UNKNOWN,59.7,,,2026-05-19 14:28:48
TISH261,UGS,A1825,SECTION 3,78.64,UNKNOWN,55.93,,,2026-05-19 14:28:48
PT212,UGS,A1825,SECTION 3,74.19,UNKNOWN,46.11,,,2026-05-19 14:28:48
PT213,UGS,A1825,SECTION 3,74.19,UNKNOWN,46.11,,,2026-05-19 14:28:48
PT211,UGS,A1825,SECTION 3,76.97,UNKNOWN,46.96,,,2026-05-19 14:28:48
PT261,UGS,A1825,SECTION 3,74.19,UNKNOWN,46.11,,,2026-05-19 14:28:48
TE241A,UGS,A1825,SECTION 3,65.4,CLUSTER 1,69.67,,,2026-05-19 14:28:48
TE241B,UGS,A1825,SECTION 3,64.3,CLUSTER 1,69.74,,,2026-05-19 14:28:48
TE261,UGS,A1825,SECTION 3,74.19,UNKNOWN,46.11,,,2026-05-19 14:28:48
SIC211,UGS,A1825,SECTION 3,80.34,UNKNOWN,57.85,,,2026-05-19 14:28:48
SIC261,UGS,A1825,SECTION 3,77.95,UNKNOWN,56.88,,,2026-05-19 14:28:48
FM100,UGS,A1825,SECTION 3,88.93,CLUSTER 1,74.83,,,2026-05-19 14:28:48
FM221,UGS,A1825,SECTION 3,74.19,UNKNOWN,46.11,,,2026-05-19 14:28:48
FM221B,UGS,A1825,SECTION 3,64.3,CLUSTER 1,69.74,,,2026-05-19 14:28:48
FM223,UGS,A1825,SECTION 3,74.19,UNKNOWN,46.11,,,2026-05-19 14:28:48
FM111,UGS,A1825,SECTION 3,82.89,CLUSTER 1,65.04,,,2026-05-19 14:28:48
FMSP1,UGS,A1825,SECTION 4,87.6,CLUSTER 1,96.81,,,2026-05-19 14:28:48
FMSP2,UGS,A1825,SECTION 4,87.85,CLUSTER 1,89.52,,,2026-05-19 14:28:48
LAHH1201,UGS,A1825,SECTION 1,99.79,CLUSTER 9,86.01,,,2026-05-19 14:28:48
LAHH1202,UGS,A1825,SECTION 1,99.79,CLUSTER 9,86.08,,,2026-05-19 14:28:48
LAHH1203,UGS,A1825,SECTION 1,99.79,CLUSTER 9,81.59,,,2026-05-19 14:28:48
LAHH1204,UGS,A1825,SECTION 1,99.79,CLUSTER 9,81.59,,,2026-05-19 14:28:48
LAHH1205,UGS,A1825,SECTION 1,99.79,CLUSTER 9,81.59,,,2026-05-19 14:28:48
LAHH1206,UGS,A1825,SECTION 1,99.79,CLUSTER 9,81.59,,,2026-05-19 14:28:48
LAHH1207,UGS,A1825,SECTION 1,99.79,CLUSTER 9,81.59,,,2026-05-19 14:28:48
LAHH1208,UGS,A1825,SECTION 1,99.79,CLUSTER 9,81.59,,,2026-05-19 14:28:48
LAHH1209,UGS,A1825,SECTION 1,99.79,CLUSTER 9,81.59,,,2026-05-19 14:28:48
LAHH1210,UGS,A1825,SECTION 1,99.79,CLUSTER 9,81.59,,,2026-05-19 14:28:48
LAHH1211,UGS,A1825,SECTION 1,99.79,CLUSTER 9,81.59,,,2026-05-19 14:28:48
LAHH1212,UGS,A1825,SECTION 1,99.79,CLUSTER 9,81.59,,,2026-05-19 14:28:48
LAHH101,UGS,A1825,SECTION 3,85.76,CLUSTER 1,66.62,,,2026-05-19 14:28:48
LAL161,UGS,A1825,SECTION 3,83.84,CLUSTER 3,66.19,,,2026-05-19 14:28:48
LAH161,UGS,A1825,SECTION 3,83.84,CLUSTER 3,66.19,,,2026-05-19 14:28:48
LAL162,UGS,A1825,SECTION 3,83.84,CLUSTER 3,66.19,,,2026-05-19 14:28:48
LAH162,UGS,A1825,SECTION 3,83.84,CLUSTER 3,66.19,,,2026-05-19 14:28:48
LAL221A,UGS,A1825,SECTION 3,67.89,CLUSTER 1,74.45,,,2026-05-19 14:28:48
LAL221B,UGS,A1825,SECTION 3,67.38,CLUSTER 1,73.73,,,2026-05-19 14:28:48
LAH221A,UGS,A1825,SECTION 3,67.89,CLUSTER 1,74.45,,,2026-05-19 14:28:48
LAH221B,UGS,A1825,SECTION 3,67.38,CLUSTER 1,73.73,,,2026-05-19 14:28:48
LAHH221A,UGS,A1825,SECTION 3,68.75,UNKNOWN,34.13,,,2026-05-19 14:28:48
LAHH221B,UGS,A1825,SECTION 3,68.24,UNKNOWN,33.61,,,2026-05-19 14:28:48
LAL231,UGS,A1825,SECTION 3,77.95,UNKNOWN,56.88,,,2026-05-19 14:28:48
LAH231,UGS,A1825,SECTION 3,77.95,UNKNOWN,56.88,,,2026-05-19 14:28:48
LAL241A,UGS,A1825,SECTION 3,67.89,CLUSTER 1,74.45,,,2026-05-19 14:28:48
LAL241B,UGS,A1825,SECTION 3,67.38,CLUSTER 1,73.73,,,2026-05-19 14:28:48
LAH241A,UGS,A1825,SECTION 3,67.89,CLUSTER 1,74.45,,,2026-05-19 14:28:48
LAH241B,UGS,A1825,SECTION 3,67.38,CLUSTER 1,73.73,,,2026-05-19 14:28:48
LAL251,UGS,A1825,SECTION 3,77.95,UNKNOWN,56.88,,,2026-05-19 14:28:48
LAH251,UGS,A1825,SECTION 3,77.95,UNKNOWN,56.88,,,2026-05-19 14:28:48
LAHH261,UGS,A1825,SECTION 3,78.64,UNKNOWN,55.93,,,2026-05-19 14:28:48
LAL131A,UGS,A1825,SECTION 3,70.55,CLUSTER 1,72.88,,,2026-05-19 14:28:48
LAH131A,UGS,A1825,SECTION 3,70.55,CLUSTER 1,72.88,,,2026-05-19 14:28:48
FS131A,UGS,A1825,SECTION 3,69.49,CLUSTER 1,65.64,,,2026-05-19 14:28:48
FS131B,UGS,A1825,SECTION 3,68.65,CLUSTER 1,65.48,,,2026-05-19 14:28:48
FS141A,UGS,A1825,SECTION 3,69.49,CLUSTER 1,65.64,,,2026-05-19 14:28:48
FS141B,UGS,A1825,SECTION 3,68.65,CLUSTER 1,65.48,,,2026-05-19 14:28:48
ROPESWITCH,UGS,A1825,UNKNOWN,31.55,UNKNOWN,41.37,,,2026-05-19 14:28:48
PS3,UGS,A1825,SECTION 4,90.26,CLUSTER 1,77.4,,,2026-05-19 14:28:48
PS1,UGS,A1825,SECTION 4,90.05,CLUSTER 1,93.93,,,2026-05-19 14:28:48
PS2,UGS,A1825,SECTION 4,90.26,CLUSTER 1,86.19,,,2026-05-19 14:28:48
PS4,UGS,A1825,SECTION 4,90.26,CLUSTER 1,64.97,,,2026-05-19 14:28:48
PS5,UGS,A1825,SECTION 4,90.26,CLUSTER 1,78.98,,,2026-05-19 14:28:48
PS6,UGS,A1825,SECTION 4,90.26,CLUSTER 1,65.1,,,2026-05-19 14:28:48
PS7,UGS,A1825,SECTION 4,90.26,CLUSTER 1,81.22,,,2026-05-19 14:28:48
PS8,UGS,A1825,SECTION 4,90.26,CLUSTER 1,70.96,,,2026-05-19 14:28:48
FILTERHORN,UGS,A1825,UNKNOWN,31.55,UNKNOWN,41.37,,,2026-05-19 14:28:48
STANDARDPOSITIONSIGNAL,UGS,A1825,UNKNOWN,31.51,UNKNOWN,41.32,,,2026-05-19 14:28:48
PLFILTERCLOSE,UGS,A1825,UNKNOWN,31.51,UNKNOWN,41.32,,,2026-05-19 14:28:48
PLFILTEROPEN,UGS,A1825,UNKNOWN,31.51,UNKNOWN,41.32,,,2026-05-19 14:28:48
PBEMERGENCYSTOPA,UGS,A1825,UNKNOWN,31.51,UNKNOWN,41.32,,,2026-05-19 14:28:48
PBOPENFILTERA,UGS,A1825,UNKNOWN,31.51,UNKNOWN,41.32,,,2026-05-19 14:28:48
PBCLOSEFILTERA,UGS,A1825,UNKNOWN,31.51,UNKNOWN,41.32,,,2026-05-19 14:28:48
PBSEMISTEPFILTERA,UGS,A1825,UNKNOWN,31.51,UNKNOWN,41.32,,,2026-05-19 14:28:48
TLALARMFILTER,UGS,A1825,UNKNOWN,31.51,UNKNOWN,41.32,,,2026-05-19 14:28:48
TLPROCESSRUNNINGFILTER,UGS,A1825,UNKNOWN,31.51,UNKNOWN,41.32,,,2026-05-19 14:28:48
TLFILTERMOVING,UGS,A1825,UNKNOWN,31.51,UNKNOWN,41.32,,,2026-05-19 14:28:48
LSSP1,UGS,A1825,SECTION 4,87.6,CLUSTER 1,96.81,,,2026-05-19 14:28:48
LSSP2,UGS,A1825,SECTION 4,87.85,CLUSTER 1,89.52,,,2026-05-19 14:28:48
LSSP3,UGS,A1825,SECTION 4,87.85,CLUSTER 1,88.17,,,2026-05-19 14:28:48
LSSP4,UGS,A1825,SECTION 4,87.85,CLUSTER 1,72.0,,,2026-05-19 14:28:48
LSSP5,UGS,A1825,SECTION 4,87.85,CLUSTER 1,87.17,,,2026-05-19 14:28:48
LSSP6,UGS,A1825,SECTION 4,87.85,CLUSTER 1,71.93,,,2026-05-19 14:28:48
LAL131B,UGS,A1825,SECTION 3,70.1,CLUSTER 1,71.32,,,2026-05-19 14:28:48
LAH131B,UGS,A1825,SECTION 3,70.1,CLUSTER 1,71.32,,,2026-05-19 14:28:48
V101,UGS,A1825,SECTION 3,84.77,UNKNOWN,50.67,,,2026-05-19 14:28:48
V111,UGS,A1825,SECTION 3,83.21,UNKNOWN,53.81,,,2026-05-19 14:28:48
V112,UGS,A1825,SECTION 3,83.21,UNKNOWN,53.81,,,2026-05-19 14:28:48
V113,UGS,A1825,SECTION 3,83.21,UNKNOWN,53.81,,,2026-05-19 14:28:48
V114,UGS,A1825,SECTION 3,83.21,UNKNOWN,53.81,,,2026-05-19 14:28:48
V115,UGS,A1825,SECTION 3,83.21,UNKNOWN,53.81,,,2026-05-19 14:28:48
V1201A,UGS,A1825,SECTION 1,86.89,CLUSTER 9,75.14,,,2026-05-19 14:28:48
V1201B,UGS,A1825,SECTION 1,89.83,CLUSTER 9,75.14,,,2026-05-19 14:28:48
V1201C,UGS,A1825,SECTION 1,91.07,CLUSTER 9,73.09,,,2026-05-19 14:28:48
V1201D,UGS,A1825,SECTION 1,90.82,CLUSTER 9,75.0,,,2026-05-19 14:28:48
V1201E,UGS,A1825,SECTION 1,91.07,CLUSTER 9,73.27,,,2026-05-19 14:28:48
V1201F,UGS,A1825,SECTION 1,91.07,CLUSTER 9,73.27,,,2026-05-19 14:28:48
V1201G,UGS,A1825,SECTION 1,91.07,CLUSTER 9,73.09,,,2026-05-19 14:28:48
V1201H,UGS,A1825,SECTION 1,91.07,CLUSTER 9,73.09,,,2026-05-19 14:28:48
V1201I,UGS,A1825,SECTION 1,91.07,CLUSTER 9,73.09,,,2026-05-19 14:28:48
V1202A,UGS,A1825,SECTION 1,86.89,CLUSTER 9,67.45,,,2026-05-19 14:28:48
V1202B,UGS,A1825,SECTION 1,89.83,CLUSTER 9,67.44,,,2026-05-19 14:28:48
V1202C,UGS,A1825,SECTION 1,91.07,CLUSTER 9,64.62,,,2026-05-19 14:28:48
V1202D,UGS,A1825,SECTION 1,90.82,CLUSTER 9,67.31,,,2026-05-19 14:28:48
V1202E,UGS,A1825,SECTION 1,91.07,CLUSTER 9,64.93,,,2026-05-19 14:28:48
V1202F,UGS,A1825,SECTION 1,91.07,CLUSTER 9,64.93,,,2026-05-19 14:28:48
V1202G,UGS,A1825,SECTION 1,91.07,CLUSTER 9,64.62,,,2026-05-19 14:28:48
V1202H,UGS,A1825,SECTION 1,91.07,CLUSTER 9,64.62,,,2026-05-19 14:28:48
V1202I,UGS,A1825,SECTION 1,91.07,CLUSTER 9,64.62,,,2026-05-19 14:28:48
V1203A,UGS,A1825,SECTION 1,86.89,CLUSTER 9,60.24,,,2026-05-19 14:28:48
V1203B,UGS,A1825,SECTION 1,89.83,CLUSTER 9,60.23,,,2026-05-19 14:28:48
V1203C,UGS,A1825,SECTION 1,91.07,UNKNOWN,57.51,,,2026-05-19 14:28:48
V1203D,UGS,A1825,SECTION 1,90.82,CLUSTER 9,60.06,,,2026-05-19 14:28:48
V1203E,UGS,A1825,SECTION 1,91.07,UNKNOWN,57.77,,,2026-05-19 14:28:48
V1203F,UGS,A1825,SECTION 1,91.07,UNKNOWN,57.77,,,2026-05-19 14:28:48
V1203G,UGS,A1825,SECTION 1,91.07,UNKNOWN,57.51,,,2026-05-19 14:28:48
V1203H,UGS,A1825,SECTION 1,91.07,UNKNOWN,57.51,,,2026-05-19 14:28:48
V1203I,UGS,A1825,SECTION 1,91.07,UNKNOWN,57.51,,,2026-05-19 14:28:48
V1204A,UGS,A1825,SECTION 1,86.89,CLUSTER 9,60.24,,,2026-05-19 14:28:48
V1204B,UGS,A1825,SECTION 1,89.83,CLUSTER 9,60.23,,,2026-05-19 14:28:48
V1204C,UGS,A1825,SECTION 1,91.07,UNKNOWN,57.51,,,2026-05-19 14:28:48
V1204D,UGS,A1825,SECTION 1,90.82,CLUSTER 9,60.06,,,2026-05-19 14:28:48
V1204E,UGS,A1825,SECTION 1,91.07,UNKNOWN,57.77,,,2026-05-19 14:28:48
V1204F,UGS,A1825,SECTION 1,91.07,UNKNOWN,57.77,,,2026-05-19 14:28:48
V1204G,UGS,A1825,SECTION 1,91.07,UNKNOWN,57.51,,,2026-05-19 14:28:48
V1204H,UGS,A1825,SECTION 1,91.07,UNKNOWN,57.51,,,2026-05-19 14:28:48
V1204I,UGS,A1825,SECTION 1,91.07,UNKNOWN,57.51,,,2026-05-19 14:28:48
V1205A,UGS,A1825,SECTION 1,86.89,CLUSTER 9,60.24,,,2026-05-19 14:28:48
V1205B,UGS,A1825,SECTION 1,89.83,CLUSTER 9,60.23,,,2026-05-19 14:28:48
V1205C,UGS,A1825,SECTION 1,91.07,UNKNOWN,57.51,,,2026-05-19 14:28:48
V1205D,UGS,A1825,SECTION 1,90.82,CLUSTER 9,60.06,,,2026-05-19 14:28:48
V1205E,UGS,A1825,SECTION 1,91.07,UNKNOWN,57.77,,,2026-05-19 14:28:48
V1205F,UGS,A1825,SECTION 1,91.07,UNKNOWN,57.77,,,2026-05-19 14:28:48
V1205G,UGS,A1825,SECTION 1,91.07,UNKNOWN,57.51,,,2026-05-19 14:28:48
V1205H,UGS,A1825,SECTION 1,91.07,UNKNOWN,57.51,,,2026-05-19 14:28:48
V1205I,UGS,A1825,SECTION 1,91.07,UNKNOWN,57.51,,,2026-05-19 14:28:48
V1206A,UGS,A1825,SECTION 1,86.89,CLUSTER 9,60.24,,,2026-05-19 14:28:48
V1206B,UGS,A1825,SECTION 1,89.83,CLUSTER 9,60.23,,,2026-05-19 14:28:48
V1206C,UGS,A1825,SECTION 1,91.07,UNKNOWN,57.51,,,2026-05-19 14:28:48
V1206D,UGS,A1825,SECTION 1,90.82,CLUSTER 9,60.06,,,2026-05-19 14:28:48
V1206E,UGS,A1825,SECTION 1,91.07,UNKNOWN,57.77,,,2026-05-19 14:28:48
V1206F,UGS,A1825,SECTION 1,91.07,UNKNOWN,57.77,,,2026-05-19 14:28:48
V1206G,UGS,A1825,SECTION 1,91.07,UNKNOWN,57.51,,,2026-05-19 14:28:48
V1206H,UGS,A1825,SECTION 1,91.07,UNKNOWN,57.51,,,2026-05-19 14:28:48
V1206I,UGS,A1825,SECTION 1,91.07,UNKNOWN,57.51,,,2026-05-19 14:28:48
V1207A,UGS,A1825,SECTION 1,86.89,CLUSTER 9,60.24,,,2026-05-19 14:28:48
V1207B,UGS,A1825,SECTION 1,89.83,CLUSTER 9,60.23,,,2026-05-19 14:28:48
V1207C,UGS,A1825,SECTION 1,91.07,UNKNOWN,57.51,,,2026-05-19 14:28:48
V1207D,UGS,A1825,SECTION 1,90.82,CLUSTER 9,60.06,,,2026-05-19 14:28:48
V1207E,UGS,A1825,SECTION 1,91.07,UNKNOWN,57.77,,,2026-05-19 14:28:48
V1207F,UGS,A1825,SECTION 1,91.07,UNKNOWN,57.77,,,2026-05-19 14:28:48
V1207G,UGS,A1825,SECTION 1,91.07,UNKNOWN,57.51,,,2026-05-19 14:28:48
V1207H,UGS,A1825,SECTION 1,91.07,UNKNOWN,57.51,,,2026-05-19 14:28:48
V1207I,UGS,A1825,SECTION 1,91.07,UNKNOWN,57.51,,,2026-05-19 14:28:48
V1208A,UGS,A1825,SECTION 1,86.89,CLUSTER 9,60.24,,,2026-05-19 14:28:48
V1208B,UGS,A1825,SECTION 1,89.83,CLUSTER 9,60.23,,,2026-05-19 14:28:48
V1208C,UGS,A1825,SECTION 1,91.07,UNKNOWN,57.51,,,2026-05-19 14:28:48
V1208D,UGS,A1825,SECTION 1,90.82,CLUSTER 9,60.06,,,2026-05-19 14:28:48
V1208E,UGS,A1825,SECTION 1,91.07,UNKNOWN,57.77,,,2026-05-19 14:28:48
V1208F,UGS,A1825,SECTION 1,91.07,UNKNOWN,57.77,,,2026-05-19 14:28:48
V1208G,UGS,A1825,SECTION 1,91.07,UNKNOWN,57.51,,,2026-05-19 14:28:48
V1208H,UGS,A1825,SECTION 1,91.07,UNKNOWN,57.51,,,2026-05-19 14:28:48
V1208I,UGS,A1825,SECTION 1,91.07,UNKNOWN,57.51,,,2026-05-19 14:28:48
V1209A,UGS,A1825,SECTION 1,86.89,CLUSTER 9,60.24,,,2026-05-19 14:28:48
V1209B,UGS,A1825,SECTION 1,89.83,CLUSTER 9,60.23,,,2026-05-19 14:28:48
V1209C,UGS,A1825,SECTION 1,91.07,UNKNOWN,57.51,,,2026-05-19 14:28:48
V1209D,UGS,A1825,SECTION 1,90.82,CLUSTER 9,60.06,,,2026-05-19 14:28:48
V1209E,UGS,A1825,SECTION 1,91.07,UNKNOWN,57.77,,,2026-05-19 14:28:48
V1209F,UGS,A1825,SECTION 1,91.07,UNKNOWN,57.77,,,2026-05-19 14:28:48
V1209G,UGS,A1825,SECTION 1,91.07,UNKNOWN,57.51,,,2026-05-19 14:28:48
V1209H,UGS,A1825,SECTION 1,91.07,UNKNOWN,57.51,,,2026-05-19 14:28:48
V1209I,UGS,A1825,SECTION 1,91.07,UNKNOWN,57.51,,,2026-05-19 14:28:48
V1210A,UGS,A1825,SECTION 1,86.89,CLUSTER 9,60.24,,,2026-05-19 14:28:48
V1210B,UGS,A1825,SECTION 1,89.83,CLUSTER 9,60.23,,,2026-05-19 14:28:48
V1210C,UGS,A1825,SECTION 1,91.07,UNKNOWN,57.51,,,2026-05-19 14:28:48
V1210D,UGS,A1825,SECTION 1,90.82,CLUSTER 9,60.06,,,2026-05-19 14:28:48
V1210E,UGS,A1825,SECTION 1,91.07,UNKNOWN,57.77,,,2026-05-19 14:28:48
V1210F,UGS,A1825,SECTION 1,91.07,UNKNOWN,57.77,,,2026-05-19 14:28:48
V1210G,UGS,A1825,SECTION 1,91.07,UNKNOWN,57.51,,,2026-05-19 14:28:48
V1210H,UGS,A1825,SECTION 1,91.07,UNKNOWN,57.51,,,2026-05-19 14:28:48
V1210I,UGS,A1825,SECTION 1,91.07,UNKNOWN,57.51,,,2026-05-19 14:28:48
V1211A,UGS,A1825,SECTION 1,86.89,CLUSTER 9,60.24,,,2026-05-19 14:28:48
V1211B,UGS,A1825,SECTION 1,89.83,CLUSTER 9,60.23,,,2026-05-19 14:28:48
V1211C,UGS,A1825,SECTION 1,91.07,UNKNOWN,57.51,,,2026-05-19 14:28:48
V1211D,UGS,A1825,SECTION 1,90.82,CLUSTER 9,60.06,,,2026-05-19 14:28:48
V1211E,UGS,A1825,SECTION 1,91.07,UNKNOWN,57.77,,,2026-05-19 14:28:48
V1211F,UGS,A1825,SECTION 1,91.07,UNKNOWN,57.77,,,2026-05-19 14:28:48
V1211G,UGS,A1825,SECTION 1,91.07,UNKNOWN,57.51,,,2026-05-19 14:28:48
V1211H,UGS,A1825,SECTION 1,91.07,UNKNOWN,57.51,,,2026-05-19 14:28:48
V1211I,UGS,A1825,SECTION 1,91.07,UNKNOWN,57.51,,,2026-05-19 14:28:48
V1212A,UGS,A1825,SECTION 1,86.89,CLUSTER 9,60.24,,,2026-05-19 14:28:48
V1212B,UGS,A1825,SECTION 1,89.83,CLUSTER 9,60.23,,,2026-05-19 14:28:48
V1212C,UGS,A1825,SECTION 1,91.07,UNKNOWN,57.51,,,2026-05-19 14:28:48
V1212D,UGS,A1825,SECTION 1,90.82,CLUSTER 9,60.06,,,2026-05-19 14:28:48
V1212E,UGS,A1825,SECTION 1,91.07,UNKNOWN,57.77,,,2026-05-19 14:28:48
V1212F,UGS,A1825,SECTION 1,91.07,UNKNOWN,57.77,,,2026-05-19 14:28:48
V1212G,UGS,A1825,SECTION 1,91.07,UNKNOWN,57.51,,,2026-05-19 14:28:48
V1212H,UGS,A1825,SECTION 1,91.07,UNKNOWN,57.51,,,2026-05-19 14:28:48
V1212I,UGS,A1825,SECTION 1,91.07,UNKNOWN,57.51,,,2026-05-19 14:28:48
V160,UGS,A1825,SECTION 3,83.21,UNKNOWN,53.81,,,2026-05-19 14:28:48
V162,UGS,A1825,SECTION 3,83.21,UNKNOWN,53.81,,,2026-05-19 14:28:48
V243,UGS,A1825,SECTION 3,74.49,UNKNOWN,40.85,,,2026-05-19 14:28:48
V251,UGS,A1825,SECTION 3,74.49,UNKNOWN,40.85,,,2026-05-19 14:28:48
V261,UGS,A1825,SECTION 3,74.49,UNKNOWN,40.85,,,2026-05-19 14:28:48
V262,UGS,A1825,SECTION 3,74.49,UNKNOWN,40.85,,,2026-05-19 14:28:48
V263,UGS,A1825,SECTION 3,74.49,UNKNOWN,40.85,,,2026-05-19 14:28:48
V264,UGS,A1825,SECTION 3,74.49,UNKNOWN,40.85,,,2026-05-19 14:28:48
TV241A,UGS,A1825,SECTION 3,65.4,CLUSTER 1,69.67,,,2026-05-19 14:28:48
TV241B,UGS,A1825,SECTION 3,64.3,CLUSTER 1,69.74,,,2026-05-19 14:28:48
Y1A,UGS,A1825,SECTION 2,90.72,CLUSTER 1,96.31,,,2026-05-19 14:28:48
Y2A,UGS,A1825,SECTION 2,90.72,CLUSTER 1,93.01,,,2026-05-19 14:28:48
Y3A,UGS,A1825,SECTION 2,90.72,CLUSTER 1,79.36,,,2026-05-19 14:28:48
Y5A,UGS,A1825,SECTION 2,90.72,CLUSTER 1,85.8,,,2026-05-19 14:28:48
Y6A,UGS,A1825,SECTION 2,90.72,CLUSTER 4,62.77,,,2026-05-19 14:28:48
Y7A,UGS,A1825,SECTION 2,90.72,CLUSTER 1,89.86,,,2026-05-19 14:28:48
Y8A,UGS,A1825,SECTION 2,90.72,CLUSTER 1,89.9,,,2026-05-19 14:28:48
Y9A,UGS,A1825,SECTION 2,90.72,CLUSTER 1,89.66,,,2026-05-19 14:28:48
Y10A,UGS,A1825,SECTION 2,91.68,UNKNOWN,58.95,,,2026-05-19 14:28:48
Y11A,UGS,A1825,SECTION 2,91.68,UNKNOWN,57.2,,,2026-05-19 14:28:48
Y12A,UGS,A1825,SECTION 2,91.88,CLUSTER 1,95.78,,,2026-05-19 14:28:48
Y13A,UGS,A1825,SECTION 2,91.88,CLUSTER 1,95.78,,,2026-05-19 14:28:48
Y20A,UGS,A1825,SECTION 2,91.88,CLUSTER 1,95.78,,,2026-05-19 14:28:48
Y21A,UGS,A1825,SECTION 2,97.76,CLUSTER 1,97.27,,,2026-05-19 14:28:48
Y1B,UGS,A1825,SECTION 2,90.74,CLUSTER 1,96.69,,,2026-05-19 14:28:48
Y2B,UGS,A1825,SECTION 2,90.74,CLUSTER 1,93.54,,,2026-05-19 14:28:48
Y3B,UGS,A1825,SECTION 2,90.74,CLUSTER 1,81.58,,,2026-05-19 14:28:48
Y5B,UGS,A1825,SECTION 2,90.74,CLUSTER 1,86.59,,,2026-05-19 14:28:48
Y6B,UGS,A1825,SECTION 2,90.74,CLUSTER 4,61.66,,,2026-05-19 14:28:48
Y7B,UGS,A1825,SECTION 2,90.74,CLUSTER 1,90.79,,,2026-05-19 14:28:48
Y8B,UGS,A1825,SECTION 2,90.74,CLUSTER 1,90.37,,,2026-05-19 14:28:48
Y9B,UGS,A1825,SECTION 2,90.74,CLUSTER 1,90.57,,,2026-05-19 14:28:48
Y10B,UGS,A1825,SECTION 2,91.68,UNKNOWN,59.68,,,2026-05-19 14:28:48
Y11B,UGS,A1825,SECTION 2,91.68,UNKNOWN,56.89,,,2026-05-19 14:28:48
Y12B,UGS,A1825,SECTION 2,91.88,CLUSTER 1,96.16,,,2026-05-19 14:28:48
Y13B,UGS,A1825,SECTION 2,91.88,CLUSTER 1,96.16,,,2026-05-19 14:28:48
Y20B,UGS,A1825,SECTION 2,91.88,CLUSTER 1,96.16,,,2026-05-19 14:28:48
Y21B,UGS,A1825,SECTION 2,97.68,CLUSTER 1,97.54,,,2026-05-19 14:28:48
D6,UGS,A1825,SECTION 4,90.26,CLUSTER 1,65.1,,,2026-05-19 14:28:48
D7,UGS,A1825,SECTION 4,90.26,CLUSTER 1,81.22,,,2026-05-19 14:28:48
D8,UGS,A1825,SECTION 4,90.26,CLUSTER 1,70.96,,,2026-05-19 14:28:48
W4,UGS,A1825,SECTION 4,90.26,CLUSTER 1,64.97,,,2026-05-19 14:28:48
W5,UGS,A1825,SECTION 4,90.26,CLUSTER 1,78.98,,,2026-05-19 14:28:48
SPV6,UGS,A1825,SECTION 4,90.26,CLUSTER 1,65.1,,,2026-05-19 14:28:48
SPV7,UGS,A1825,SECTION 4,90.26,CLUSTER 1,81.22,,,2026-05-19 14:28:48
SPV8,UGS,A1825,SECTION 4,90.26,CLUSTER 1,70.96,,,2026-05-19 14:28:48
CR1201,UGS,A1825,SECTION 1,99.81,CLUSTER 9,76.9,,,2026-05-19 14:47:29
CR1202,UGS,A1825,SECTION 1,99.81,CLUSTER 9,68.1,,,2026-05-19 14:47:29
CR1203,UGS,A1825,SECTION 1,99.81,CLUSTER 9,62.08,,,2026-05-19 14:47:29
CR1204,UGS,A1825,SECTION 1,99.81,CLUSTER 9,62.08,,,2026-05-19 14:47:29
CR1205,UGS,A1825,SECTION 1,99.81,CLUSTER 9,62.08,,,2026-05-19 14:47:29
CR1206,UGS,A1825,SECTION 1,99.81,CLUSTER 9,62.08,,,2026-05-19 14:47:29
CR1207,UGS,A1825,SECTION 1,99.81,CLUSTER 9,62.08,,,2026-05-19 14:47:29
CR1208,UGS,A1825,SECTION 1,99.81,CLUSTER 9,62.08,,,2026-05-19 14:47:29
CR1209,UGS,A1825,SECTION 1,99.81,CLUSTER 9,62.08,,,2026-05-19 14:47:29
CR1210,UGS,A1825,SECTION 1,99.81,CLUSTER 9,62.08,,,2026-05-19 14:47:29
CR1211,UGS,A1825,SECTION 1,99.81,CLUSTER 9,62.08,,,2026-05-19 14:47:29
CR1212,UGS,A1825,SECTION 1,99.81,CLUSTER 9,62.08,,,2026-05-19 14:47:29
PU1201,UGS,A1825,SECTION 1,99.81,CLUSTER 9,76.9,,,2026-05-19 14:47:29
PU1202,UGS,A1825,SECTION 1,99.81,CLUSTER 9,68.1,,,2026-05-19 14:47:29
PU1203,UGS,A1825,SECTION 1,99.81,CLUSTER 9,62.08,,,2026-05-19 14:47:29
PU1204,UGS,A1825,SECTION 1,99.81,CLUSTER 9,62.08,,,2026-05-19 14:47:29
PU1205,UGS,A1825,SECTION 1,99.81,CLUSTER 9,62.08,,,2026-05-19 14:47:29
PU1206,UGS,A1825,SECTION 1,99.81,CLUSTER 9,62.08,,,2026-05-19 14:47:29
PU1207,UGS,A1825,SECTION 1,99.81,CLUSTER 9,62.08,,,2026-05-19 14:47:29
PU1208,UGS,A1825,SECTION 1,99.81,CLUSTER 9,62.08,,,2026-05-19 14:47:29
PU1209,UGS,A1825,SECTION 1,99.81,CLUSTER 9,62.08,,,2026-05-19 14:47:29
PU1210,UGS,A1825,SECTION 1,99.81,CLUSTER 9,62.08,,,2026-05-19 14:47:29
PU1211,UGS,A1825,SECTION 1,99.81,CLUSTER 9,62.08,,,2026-05-19 14:47:29
PU1212,UGS,A1825,SECTION 1,99.81,CLUSTER 9,62.08,,,2026-05-19 14:47:29
PU101A,UGS,A1825,SECTION 3,69.95,CLUSTER 1,78.82,,,2026-05-19 14:47:29
PU101B,UGS,A1825,SECTION 3,69.16,CLUSTER 1,78.59,,,2026-05-19 14:47:29
PU111,UGS,A1825,SECTION 3,82.89,CLUSTER 1,65.04,,,2026-05-19 14:47:29
PU161,UGS,A1825,SECTION 3,82.89,CLUSTER 1,65.04,,,2026-05-19 14:47:29
PU221A,UGS,A1825,SECTION 3,65.4,CLUSTER 1,69.67,,,2026-05-19 14:47:29
PU221B,UGS,A1825,SECTION 3,64.3,CLUSTER 1,69.74,,,2026-05-19 14:47:29
PU231,UGS,A1825,SECTION 3,74.19,UNKNOWN,46.11,,,2026-05-19 14:47:29
PU241A,UGS,A1825,SECTION 3,65.4,CLUSTER 1,69.67,,,2026-05-19 14:47:29
PU241B,UGS,A1825,SECTION 3,64.3,CLUSTER 1,69.74,,,2026-05-19 14:47:29
PU251,UGS,A1825,SECTION 3,74.19,UNKNOWN,46.11,,,2026-05-19 14:47:29
PU162,UGS,A1825,SECTION 3,82.89,CLUSTER 1,65.04,,,2026-05-19 14:47:29
PU131,UGS,A1825,SECTION 3,82.89,CLUSTER 1,65.04,,,2026-05-19 14:47:29
PU131B,UGS,A1825,SECTION 3,68.65,CLUSTER 1,65.48,,,2026-05-19 14:47:29
PU132A,UGS,A1825,SECTION 3,69.49,CLUSTER 1,65.64,,,2026-05-19 14:47:29
PU132B,UGS,A1825,SECTION 3,68.65,CLUSTER 1,65.48,,,2026-05-19 14:47:29
PU141A,UGS,A1825,SECTION 3,69.49,CLUSTER 1,65.64,,,2026-05-19 14:47:29
PU141B,UGS,A1825,SECTION 3,68.65,CLUSTER 1,65.48,,,2026-05-19 14:47:29
PU151,UGS,A1825,SECTION 3,82.89,CLUSTER 1,65.04,,,2026-05-19 14:47:29
PU151B,UGS,A1825,SECTION 3,68.65,CLUSTER 1,65.48,,,2026-05-19 14:47:29
CU131A,UGS,A1825,SECTION 3,69.49,CLUSTER 1,65.64,,,2026-05-19 14:47:29
CU131B,UGS,A1825,SECTION 3,68.65,CLUSTER 1,65.48,,,2026-05-19 14:47:29
CT151F1,UGS,A1825,UNKNOWN,55.12,UNKNOWN,33.64,,,2026-05-19 14:47:29
CT151F2,UGS,A1825,UNKNOWN,54.63,UNKNOWN,41.39,,,2026-05-19 14:47:29
CT141AF1,UGS,A1825,SECTION 2,79.39,CLUSTER 5,75.91,,,2026-05-19 14:47:29
CT141AF2,UGS,A1825,SECTION 2,80.44,CLUSTER 5,69.9,,,2026-05-19 14:47:29
CT141BF1,UGS,A1825,SECTION 2,79.39,CLUSTER 5,75.91,,,2026-05-19 14:47:29
CT141BF2,UGS,A1825,SECTION 2,80.44,CLUSTER 5,69.9,,,2026-05-19 14:47:29
CU131CSP,UGS,A1825,SECTION 2,85.36,UNKNOWN,50.96,,,2026-05-19 14:47:29
CT141CF1SP,UGS,A1825,SECTION 2,79.84,UNKNOWN,59.72,,,2026-05-19 14:47:29
CT141CF2SP,UGS,A1825,SECTION 2,79.84,UNKNOWN,59.72,,,2026-05-19 14:47:29
SPPU1,UGS,A1825,SECTION 4,87.6,CLUSTER 1,96.81,,,2026-05-19 14:47:29
SPPU2,UGS,A1825,SECTION 4,87.85,CLUSTER 1,89.52,,,2026-05-19 14:47:29
SPPU3,UGS,A1825,SECTION 4,87.85,CLUSTER 1,88.17,,,2026-05-19 14:47:29
SPPU4,UGS,A1825,SECTION 4,87.85,CLUSTER 1,72.0,,,2026-05-19 14:47:29
PU211,UGS,A1825,SECTION 3,76.97,UNKNOWN,46.96,,,2026-05-19 14:47:29
HM211A,UGS,A1825,SECTION 3,66.13,CLUSTER 1,61.91,,,2026-05-19 14:47:29
HM211B,UGS,A1825,SECTION 3,65.11,CLUSTER 1,61.96,,,2026-05-19 14:47:29
PU261,UGS,A1825,SECTION 3,74.19,UNKNOWN,46.11,,,2026-05-19 14:47:29
FN261,UGS,A1825,SECTION 3,74.19,UNKNOWN,46.11,,,2026-05-19 14:47:29
FT100,UGS,A1825,SECTION 3,88.93,CLUSTER 1,74.83,,,2026-05-19 14:47:29
FT221,UGS,A1825,SECTION 3,74.19,UNKNOWN,46.11,,,2026-05-19 14:47:29
FT221B,UGS,A1825,SECTION 3,64.3,CLUSTER 1,69.74,,,2026-05-19 14:47:29
FT223,UGS,A1825,SECTION 3,74.19,UNKNOWN,46.11,,,2026-05-19 14:47:29
FT111,UGS,A1825,SECTION 3,82.89,CLUSTER 1,65.04,,,2026-05-19 14:47:29
FTSP1,UGS,A1825,SECTION 4,87.6,CLUSTER 1,96.81,,,2026-05-19 14:47:29
FTSP2,UGS,A1825,SECTION 4,87.85,CLUSTER 1,89.52,,,2026-05-19 14:47:29
TE101,UGS,A1825,SECTION 3,84.43,CLUSTER 1,79.51,,,2026-05-19 14:47:29
TE111,UGS,A1825,SECTION 3,82.89,CLUSTER 1,65.04,,,2026-05-19 14:47:29
TE1201A,UGS,A1825,SECTION 1,79.61,CLUSTER 9,80.31,,,2026-05-19 14:47:29
TE1202A,UGS,A1825,SECTION 1,79.61,CLUSTER 9,80.8,,,2026-05-19 14:47:29
TE1203A,UGS,A1825,SECTION 1,79.61,CLUSTER 9,74.67,,,2026-05-19 14:47:29
TE1204A,UGS,A1825,SECTION 1,79.61,CLUSTER 9,74.67,,,2026-05-19 14:47:29
TE1205A,UGS,A1825,SECTION 1,79.61,CLUSTER 9,74.67,,,2026-05-19 14:47:29
TE1206A,UGS,A1825,SECTION 1,79.61,CLUSTER 9,74.67,,,2026-05-19 14:47:29
TE1207A,UGS,A1825,SECTION 1,79.61,CLUSTER 9,74.67,,,2026-05-19 14:47:29
TE1208A,UGS,A1825,SECTION 1,79.61,CLUSTER 9,74.67,,,2026-05-19 14:47:29
TE1209A,UGS,A1825,SECTION 1,79.61,CLUSTER 9,74.67,,,2026-05-19 14:47:29
TE1210A,UGS,A1825,SECTION 1,79.61,CLUSTER 9,74.67,,,2026-05-19 14:47:29
TE1211A,UGS,A1825,SECTION 1,79.61,CLUSTER 9,74.67,,,2026-05-19 14:47:29
TE1212A,UGS,A1825,SECTION 1,79.61,CLUSTER 9,74.67,,,2026-05-19 14:47:29
TE1201B,UGS,A1825,SECTION 1,81.63,CLUSTER 9,80.29,,,2026-05-19 14:47:29
TE1202B,UGS,A1825,SECTION 1,81.63,CLUSTER 9,80.79,,,2026-05-19 14:47:29
TE1203B,UGS,A1825,SECTION 1,81.63,CLUSTER 9,74.65,,,2026-05-19 14:47:29
TE1204B,UGS,A1825,SECTION 1,81.63,CLUSTER 9,74.65,,,2026-05-19 14:47:29
TE1205B,UGS,A1825,SECTION 1,81.63,CLUSTER 9,74.65,,,2026-05-19 14:47:29
TE1206B,UGS,A1825,SECTION 1,81.63,CLUSTER 9,74.65,,,2026-05-19 14:47:29
TE1207B,UGS,A1825,SECTION 1,81.63,CLUSTER 9,74.65,,,2026-05-19 14:47:29
TE1208B,UGS,A1825,SECTION 1,81.63,CLUSTER 9,74.65,,,2026-05-19 14:47:29
TE1209B,UGS,A1825,SECTION 1,81.63,CLUSTER 9,74.65,,,2026-05-19 14:47:29
TE1210B,UGS,A1825,SECTION 1,81.63,CLUSTER 9,74.65,,,2026-05-19 14:47:29
TE1211B,UGS,A1825,SECTION 1,81.63,CLUSTER 9,74.65,,,2026-05-19 14:47:29
TE1212B,UGS,A1825,SECTION 1,81.63,CLUSTER 9,74.65,,,2026-05-19 14:47:29
LT1201,UGS,A1825,SECTION 1,99.81,CLUSTER 9,76.9,,,2026-05-19 14:47:29
LT1202,UGS,A1825,SECTION 1,99.81,CLUSTER 9,68.1,,,2026-05-19 14:47:29
LT1203,UGS,A1825,SECTION 1,99.81,CLUSTER 9,62.08,,,2026-05-19 14:47:29
LT1204,UGS,A1825,SECTION 1,99.81,CLUSTER 9,62.08,,,2026-05-19 14:47:29
LT1205,UGS,A1825,SECTION 1,99.81,CLUSTER 9,62.08,,,2026-05-19 14:47:29
LT1206,UGS,A1825,SECTION 1,99.81,CLUSTER 9,62.08,,,2026-05-19 14:47:29
LT1207,UGS,A1825,SECTION 1,99.81,CLUSTER 9,62.08,,,2026-05-19 14:47:29
LT1208,UGS,A1825,SECTION 1,99.81,CLUSTER 9,62.08,,,2026-05-19 14:47:29
LT1209,UGS,A1825,SECTION 1,99.81,CLUSTER 9,62.08,,,2026-05-19 14:47:29
LT1210,UGS,A1825,SECTION 1,99.81,CLUSTER 9,62.08,,,2026-05-19 14:47:29
LT1211,UGS,A1825,SECTION 1,99.81,CLUSTER 9,62.08,,,2026-05-19 14:47:29
LT1212,UGS,A1825,SECTION 1,99.81,CLUSTER 9,62.08,,,2026-05-19 14:47:29
SIC1201,UGS,A1825,SECTION 1,99.8,CLUSTER 9,85.24,,,2026-05-19 14:47:29
SIC1202,UGS,A1825,SECTION 1,99.8,CLUSTER 9,85.38,,,2026-05-19 14:47:29
SIC1203,UGS,A1825,SECTION 1,99.8,CLUSTER 9,80.64,,,2026-05-19 14:47:29
SIC1204,UGS,A1825,SECTION 1,99.8,CLUSTER 9,80.64,,,2026-05-19 14:47:29
SIC1205,UGS,A1825,SECTION 1,99.8,CLUSTER 9,80.64,,,2026-05-19 14:47:29
SIC1206,UGS,A1825,SECTION 1,99.8,CLUSTER 9,80.64,,,2026-05-19 14:47:29
SIC1207,UGS,A1825,SECTION 1,99.8,CLUSTER 9,80.64,,,2026-05-19 14:47:29
SIC1208,UGS,A1825,SECTION 1,99.8,CLUSTER 9,80.64,,,2026-05-19 14:47:29
SIC1209,UGS,A1825,SECTION 1,99.8,CLUSTER 9,80.64,,,2026-05-19 14:47:29
SIC1210,UGS,A1825,SECTION 1,99.8,CLUSTER 9,80.64,,,2026-05-19 14:47:29
SIC1211,UGS,A1825,SECTION 1,99.8,CLUSTER 9,80.64,,,2026-05-19 14:47:29
SIC1212,UGS,A1825,SECTION 1,99.8,CLUSTER 9,80.64,,,2026-05-19 14:47:29
CR1201SPD,UGS,A1825,UNKNOWN,49.38,CLUSTER 9,74.94,,,2026-05-19 14:47:29
CR1202SPD,UGS,A1825,UNKNOWN,49.38,CLUSTER 9,73.34,,,2026-05-19 14:47:29
CR1203SPD,UGS,A1825,UNKNOWN,49.38,CLUSTER 9,68.07,,,2026-05-19 14:47:29
CR1204SPD,UGS,A1825,UNKNOWN,49.38,CLUSTER 9,68.07,,,2026-05-19 14:47:29
CR1205SPD,UGS,A1825,UNKNOWN,49.38,CLUSTER 9,68.07,,,2026-05-19 14:47:29
CR1206SPD,UGS,A1825,UNKNOWN,49.38,CLUSTER 9,68.07,,,2026-05-19 14:47:29
CR1207SPD,UGS,A1825,UNKNOWN,49.38,CLUSTER 9,68.07,,,2026-05-19 14:47:29
CR1208SPD,UGS,A1825,UNKNOWN,49.38,CLUSTER 9,68.07,,,2026-05-19 14:47:29
CR1209SPD,UGS,A1825,UNKNOWN,49.38,CLUSTER 9,68.07,,,2026-05-19 14:47:29
CR1210SPD,UGS,A1825,UNKNOWN,49.38,CLUSTER 9,68.07,,,2026-05-19 14:47:29
CR1211SPD,UGS,A1825,UNKNOWN,49.38,CLUSTER 9,68.07,,,2026-05-19 14:47:29
CR1212SPD,UGS,A1825,UNKNOWN,49.38,CLUSTER 9,68.07,,,2026-05-19 14:47:29
TE1201C,UGS,A1825,SECTION 1,83.77,CLUSTER 9,78.84,,,2026-05-19 14:47:29
TE1202C,UGS,A1825,SECTION 1,83.77,CLUSTER 9,79.07,,,2026-05-19 14:47:29
TE1203C,UGS,A1825,SECTION 1,83.77,CLUSTER 9,72.89,,,2026-05-19 14:47:29
TE1204C,UGS,A1825,SECTION 1,83.77,CLUSTER 9,72.89,,,2026-05-19 14:47:29
TE1205C,UGS,A1825,SECTION 1,83.77,CLUSTER 9,72.89,,,2026-05-19 14:47:29
TE1206C,UGS,A1825,SECTION 1,83.77,CLUSTER 9,72.89,,,2026-05-19 14:47:29
TE1207C,UGS,A1825,SECTION 1,83.77,CLUSTER 9,72.89,,,2026-05-19 14:47:29
TE1208C,UGS,A1825,SECTION 1,83.77,CLUSTER 9,72.89,,,2026-05-19 14:47:29
TE1209C,UGS,A1825,SECTION 1,83.77,CLUSTER 9,72.89,,,2026-05-19 14:47:29
TE1210C,UGS,A1825,SECTION 1,83.77,CLUSTER 9,72.89,,,2026-05-19 14:47:29
TE1211C,UGS,A1825,SECTION 1,83.77,CLUSTER 9,72.89,,,2026-05-19 14:47:29
TE1212C,UGS,A1825,SECTION 1,83.77,CLUSTER 9,72.89,,,2026-05-19 14:47:29
TE161,UGS,A1825,SECTION 3,82.89,CLUSTER 1,65.04,,,2026-05-19 14:47:29
TE112,UGS,A1825,SECTION 3,82.89,CLUSTER 1,65.04,,,2026-05-19 14:47:29
PT200,UGS,A1825,SECTION 3,79.68,UNKNOWN,46.1,,,2026-05-19 14:47:29
PT201,UGS,A1825,SECTION 3,79.68,UNKNOWN,46.1,,,2026-05-19 14:47:29
PTN2,UGS,A1825,SECTION 4,90.26,CLUSTER 1,86.19,,,2026-05-19 14:47:29
LT241A,UGS,A1825,SECTION 3,65.4,CLUSTER 1,69.67,,,2026-05-19 14:47:29
LT241B,UGS,A1825,SECTION 3,64.3,CLUSTER 1,69.74,,,2026-05-19 14:47:29
LT261,UGS,A1825,SECTION 3,74.19,UNKNOWN,46.11,,,2026-05-19 14:47:29
LT221A,UGS,A1825,SECTION 3,65.4,CLUSTER 1,69.67,,,2026-05-19 14:47:29
LT221B,UGS,A1825,SECTION 3,64.3,CLUSTER 1,69.74,,,2026-05-19 14:47:29
LT231,UGS,A1825,SECTION 3,74.19,UNKNOWN,46.11,,,2026-05-19 14:47:29
LT251,UGS,A1825,SECTION 3,74.19,UNKNOWN,46.11,,,2026-05-19 14:47:29
TE221A,UGS,A1825,SECTION 3,65.4,CLUSTER 1,69.67,,,2026-05-19 14:47:29
TE221B,UGS,A1825,SECTION 3,64.3,CLUSTER 1,69.74,,,2026-05-19 14:47:29
TE231A,UGS,A1825,SECTION 3,65.4,CLUSTER 1,69.67,,,2026-05-19 14:47:29
TE251,UGS,A1825,SECTION 3,74.19,UNKNOWN,46.11,,,2026-05-19 14:47:29
TE131A,UGS,A1825,SECTION 3,69.49,CLUSTER 1,65.64,,,2026-05-19 14:47:29
TE132AA,UGS,A1825,UNKNOWN,59.08,UNKNOWN,47.79,,,2026-05-19 14:47:29
TE132AB,UGS,A1825,UNKNOWN,58.7,UNKNOWN,48.03,,,2026-05-19 14:47:29
TE132BA,UGS,A1825,UNKNOWN,59.08,UNKNOWN,47.79,,,2026-05-19 14:47:29
TE132BB,UGS,A1825,UNKNOWN,58.7,UNKNOWN,48.03,,,2026-05-19 14:47:29
TE141A,UGS,A1825,SECTION 3,69.49,CLUSTER 1,65.64,,,2026-05-19 14:47:29
TE141B,UGS,A1825,SECTION 3,68.65,CLUSTER 1,65.48,,,2026-05-19 14:47:29
TE151,UGS,A1825,SECTION 3,82.89,CLUSTER 1,65.04,,,2026-05-19 14:47:29
PT131,UGS,A1825,SECTION 3,82.89,CLUSTER 1,65.04,,,2026-05-19 14:47:29
PT151,UGS,A1825,SECTION 3,82.89,CLUSTER 1,65.04,,,2026-05-19 14:47:29
TV1201,UGS,A1825,SECTION 1,99.81,CLUSTER 9,76.9,,,2026-05-19 14:47:29
TV1202,UGS,A1825,SECTION 1,99.81,CLUSTER 9,68.1,,,2026-05-19 14:47:29
TV1203,UGS,A1825,SECTION 1,99.81,CLUSTER 9,62.08,,,2026-05-19 14:47:29
TV1204,UGS,A1825,SECTION 1,99.81,CLUSTER 9,62.08,,,2026-05-19 14:47:29
TV1205,UGS,A1825,SECTION 1,99.81,CLUSTER 9,62.08,,,2026-05-19 14:47:29
TV1206,UGS,A1825,SECTION 1,99.81,CLUSTER 9,62.08,,,2026-05-19 14:47:29
TV1207,UGS,A1825,SECTION 1,99.81,CLUSTER 9,62.08,,,2026-05-19 14:47:29
TV1208,UGS,A1825,SECTION 1,99.81,CLUSTER 9,62.08,,,2026-05-19 14:47:29
TV1209,UGS,A1825,SECTION 1,99.81,CLUSTER 9,62.08,,,2026-05-19 14:47:29
TV1210,UGS,A1825,SECTION 1,99.81,CLUSTER 9,62.08,,,2026-05-19 14:47:29
TV1211,UGS,A1825,SECTION 1,99.81,CLUSTER 9,62.08,,,2026-05-19 14:47:29
TV1212,UGS,A1825,SECTION 1,99.81,CLUSTER 9,62.08,,,2026-05-19 14:47:29
TV101,UGS,A1825,SECTION 3,84.43,CLUSTER 1,79.51,,,2026-05-19 14:47:29
TV111,UGS,A1825,SECTION 3,82.89,CLUSTER 1,65.04,,,2026-05-19 14:47:29
TV161,UGS,A1825,SECTION 3,82.89,CLUSTER 1,65.04,,,2026-05-19 14:47:29
TV112,UGS,A1825,SECTION 3,82.89,CLUSTER 1,65.04,,,2026-05-19 14:47:29
TV231,UGS,A1825,SECTION 3,74.19,UNKNOWN,46.11,,,2026-05-19 14:47:29
PT161,UGS,A1825,SECTION 3,82.89,CLUSTER 1,65.04,,,2026-05-19 14:47:29
PTSP2,UGS,A1825,SECTION 4,87.85,CLUSTER 1,89.52,,,2026-05-19 14:47:29
PTSP3,UGS,A1825,SECTION 4,87.85,CLUSTER 1,88.17,,,2026-05-19 14:47:29
PTSP4,UGS,A1825,SECTION 4,87.85,CLUSTER 1,72.0,,,2026-05-19 14:47:29
PTSP5,UGS,A1825,SECTION 4,87.85,CLUSTER 1,87.17,,,2026-05-19 14:47:29
PTSP6,UGS,A1825,SECTION 4,87.85,CLUSTER 1,71.93,,,2026-05-19 14:47:29
TE241A,UGS,A1825,SECTION 3,65.4,CLUSTER 1,69.67,,,2026-05-19 14:47:29
TE161A,UGS,A1825,SECTION 3,69.49,CLUSTER 1,65.64,,,2026-05-19 14:47:29
TE251,UGS,A1825,SECTION 3,74.19,UNKNOWN,46.11,,,2026-05-19 14:47:29
TESP4,UGS,A1825,SECTION 4,87.85,CLUSTER 1,72.0,,,2026-05-19 14:47:29
TESP5,UGS,A1825,SECTION 4,87.85,CLUSTER 1,87.17,,,2026-05-19 14:47:29
TESP6,UGS,A1825,SECTION 4,87.85,CLUSTER 1,71.93,,,2026-05-19 14:47:29
SPCV1,UGS,A1825,SECTION 4,87.6,CLUSTER 1,96.81,,,2026-05-19 14:47:29
PISH211,UGS,A1825,SECTION 3,80.97,UNKNOWN,59.7,,,2026-05-19 14:47:29
PISH261,UGS,A1825,SECTION 3,78.64,UNKNOWN,55.93,,,2026-05-19 14:47:29
TISH211,UGS,A1825,SECTION 3,80.97,UNKNOWN,59.7,,,2026-05-19 14:47:29
TISH261,UGS,A1825,SECTION 3,78.64,UNKNOWN,55.93,,,2026-05-19 14:47:29
PT212,UGS,A1825,SECTION 3,74.19,UNKNOWN,46.11,,,2026-05-19 14:47:29
PT213,UGS,A1825,SECTION 3,74.19,UNKNOWN,46.11,,,2026-05-19 14:47:29
PT211,UGS,A1825,SECTION 3,76.97,UNKNOWN,46.96,,,2026-05-19 14:47:29
PT261,UGS,A1825,SECTION 3,74.19,UNKNOWN,46.11,,,2026-05-19 14:47:29
TE241A,UGS,A1825,SECTION 3,65.4,CLUSTER 1,69.67,,,2026-05-19 14:47:29
TE241B,UGS,A1825,SECTION 3,64.3,CLUSTER 1,69.74,,,2026-05-19 14:47:29
TE261,UGS,A1825,SECTION 3,74.19,UNKNOWN,46.11,,,2026-05-19 14:47:29
SIC211,UGS,A1825,SECTION 3,80.34,UNKNOWN,57.85,,,2026-05-19 14:47:29
SIC261,UGS,A1825,SECTION 3,77.95,UNKNOWN,56.88,,,2026-05-19 14:47:29
FM100,UGS,A1825,SECTION 3,88.93,CLUSTER 1,74.83,,,2026-05-19 14:47:29
FM221,UGS,A1825,SECTION 3,74.19,UNKNOWN,46.11,,,2026-05-19 14:47:29
FM221B,UGS,A1825,SECTION 3,64.3,CLUSTER 1,69.74,,,2026-05-19 14:47:29
FM223,UGS,A1825,SECTION 3,74.19,UNKNOWN,46.11,,,2026-05-19 14:47:29
FM111,UGS,A1825,SECTION 3,82.89,CLUSTER 1,65.04,,,2026-05-19 14:47:29
FMSP1,UGS,A1825,SECTION 4,87.6,CLUSTER 1,96.81,,,2026-05-19 14:47:29
FMSP2,UGS,A1825,SECTION 4,87.85,CLUSTER 1,89.52,,,2026-05-19 14:47:29
LAHH1201,UGS,A1825,SECTION 1,99.79,CLUSTER 9,86.01,,,2026-05-19 14:47:29
LAHH1202,UGS,A1825,SECTION 1,99.79,CLUSTER 9,86.08,,,2026-05-19 14:47:29
LAHH1203,UGS,A1825,SECTION 1,99.79,CLUSTER 9,81.59,,,2026-05-19 14:47:29
LAHH1204,UGS,A1825,SECTION 1,99.79,CLUSTER 9,81.59,,,2026-05-19 14:47:29
LAHH1205,UGS,A1825,SECTION 1,99.79,CLUSTER 9,81.59,,,2026-05-19 14:47:29
LAHH1206,UGS,A1825,SECTION 1,99.79,CLUSTER 9,81.59,,,2026-05-19 14:47:29
LAHH1207,UGS,A1825,SECTION 1,99.79,CLUSTER 9,81.59,,,2026-05-19 14:47:29
LAHH1208,UGS,A1825,SECTION 1,99.79,CLUSTER 9,81.59,,,2026-05-19 14:47:29
LAHH1209,UGS,A1825,SECTION 1,99.79,CLUSTER 9,81.59,,,2026-05-19 14:47:29
LAHH1210,UGS,A1825,SECTION 1,99.79,CLUSTER 9,81.59,,,2026-05-19 14:47:29
LAHH1211,UGS,A1825,SECTION 1,99.79,CLUSTER 9,81.59,,,2026-05-19 14:47:29
LAHH1212,UGS,A1825,SECTION 1,99.79,CLUSTER 9,81.59,,,2026-05-19 14:47:29
LAHH101,UGS,A1825,SECTION 3,85.76,CLUSTER 1,66.62,,,2026-05-19 14:47:29
LAL161,UGS,A1825,SECTION 3,83.84,CLUSTER 3,66.19,,,2026-05-19 14:47:29
LAH161,UGS,A1825,SECTION 3,83.84,CLUSTER 3,66.19,,,2026-05-19 14:47:29
LAL162,UGS,A1825,SECTION 3,83.84,CLUSTER 3,66.19,,,2026-05-19 14:47:29
LAH162,UGS,A1825,SECTION 3,83.84,CLUSTER 3,66.19,,,2026-05-19 14:47:29
LAL221A,UGS,A1825,SECTION 3,67.89,CLUSTER 1,74.45,,,2026-05-19 14:47:29
LAL221B,UGS,A1825,SECTION 3,67.38,CLUSTER 1,73.73,,,2026-05-19 14:47:29
LAH221A,UGS,A1825,SECTION 3,67.89,CLUSTER 1,74.45,,,2026-05-19 14:47:29
LAH221B,UGS,A1825,SECTION 3,67.38,CLUSTER 1,73.73,,,2026-05-19 14:47:29
LAHH221A,UGS,A1825,SECTION 3,68.75,UNKNOWN,34.13,,,2026-05-19 14:47:29
LAHH221B,UGS,A1825,SECTION 3,68.24,UNKNOWN,33.61,,,2026-05-19 14:47:29
LAL231,UGS,A1825,SECTION 3,77.95,UNKNOWN,56.88,,,2026-05-19 14:47:29
LAH231,UGS,A1825,SECTION 3,77.95,UNKNOWN,56.88,,,2026-05-19 14:47:29
LAL241A,UGS,A1825,SECTION 3,67.89,CLUSTER 1,74.45,,,2026-05-19 14:47:29
LAL241B,UGS,A1825,SECTION 3,67.38,CLUSTER 1,73.73,,,2026-05-19 14:47:29
LAH241A,UGS,A1825,SECTION 3,67.89,CLUSTER 1,74.45,,,2026-05-19 14:47:29
LAH241B,UGS,A1825,SECTION 3,67.38,CLUSTER 1,73.73,,,2026-05-19 14:47:29
LAL251,UGS,A1825,SECTION 3,77.95,UNKNOWN,56.88,,,2026-05-19 14:47:29
LAH251,UGS,A1825,SECTION 3,77.95,UNKNOWN,56.88,,,2026-05-19 14:47:29
LAHH261,UGS,A1825,SECTION 3,78.64,UNKNOWN,55.93,,,2026-05-19 14:47:29
LAL131A,UGS,A1825,SECTION 3,70.55,CLUSTER 1,72.88,,,2026-05-19 14:47:29
LAH131A,UGS,A1825,SECTION 3,70.55,CLUSTER 1,72.88,,,2026-05-19 14:47:29
FS131A,UGS,A1825,SECTION 3,69.49,CLUSTER 1,65.64,,,2026-05-19 14:47:29
FS131B,UGS,A1825,SECTION 3,68.65,CLUSTER 1,65.48,,,2026-05-19 14:47:29
FS141A,UGS,A1825,SECTION 3,69.49,CLUSTER 1,65.64,,,2026-05-19 14:47:29
FS141B,UGS,A1825,SECTION 3,68.65,CLUSTER 1,65.48,,,2026-05-19 14:47:29
ROPESWITCH,UGS,A1825,UNKNOWN,31.55,UNKNOWN,41.37,,,2026-05-19 14:47:29
PS3,UGS,A1825,SECTION 4,90.26,CLUSTER 1,77.4,,,2026-05-19 14:47:29
PS1,UGS,A1825,SECTION 4,90.05,CLUSTER 1,93.93,,,2026-05-19 14:47:29
PS2,UGS,A1825,SECTION 4,90.26,CLUSTER 1,86.19,,,2026-05-19 14:47:29
PS4,UGS,A1825,SECTION 4,90.26,CLUSTER 1,64.97,,,2026-05-19 14:47:29
PS5,UGS,A1825,SECTION 4,90.26,CLUSTER 1,78.98,,,2026-05-19 14:47:29
PS6,UGS,A1825,SECTION 4,90.26,CLUSTER 1,65.1,,,2026-05-19 14:47:29
PS7,UGS,A1825,SECTION 4,90.26,CLUSTER 1,81.22,,,2026-05-19 14:47:29
PS8,UGS,A1825,SECTION 4,90.26,CLUSTER 1,70.96,,,2026-05-19 14:47:29
FILTERHORN,UGS,A1825,UNKNOWN,31.55,UNKNOWN,41.37,,,2026-05-19 14:47:29
STANDARDPOSITIONSIGNAL,UGS,A1825,UNKNOWN,31.51,UNKNOWN,41.32,,,2026-05-19 14:47:29
PLFILTERCLOSE,UGS,A1825,UNKNOWN,31.51,UNKNOWN,41.32,,,2026-05-19 14:47:29
PLFILTEROPEN,UGS,A1825,UNKNOWN,31.51,UNKNOWN,41.32,,,2026-05-19 14:47:29
PBEMERGENCYSTOPA,UGS,A1825,UNKNOWN,31.51,UNKNOWN,41.32,,,2026-05-19 14:47:29
PBOPENFILTERA,UGS,A1825,UNKNOWN,31.51,UNKNOWN,41.32,,,2026-05-19 14:47:29
PBCLOSEFILTERA,UGS,A1825,UNKNOWN,31.51,UNKNOWN,41.32,,,2026-05-19 14:47:29
PBSEMISTEPFILTERA,UGS,A1825,UNKNOWN,31.51,UNKNOWN,41.32,,,2026-05-19 14:47:29
TLALARMFILTER,UGS,A1825,UNKNOWN,31.51,UNKNOWN,41.32,,,2026-05-19 14:47:29
TLPROCESSRUNNINGFILTER,UGS,A1825,UNKNOWN,31.51,UNKNOWN,41.32,,,2026-05-19 14:47:29
TLFILTERMOVING,UGS,A1825,UNKNOWN,31.51,UNKNOWN,41.32,,,2026-05-19 14:47:29
LSSP1,UGS,A1825,SECTION 4,87.6,CLUSTER 1,96.81,,,2026-05-19 14:47:29
LSSP2,UGS,A1825,SECTION 4,87.85,CLUSTER 1,89.52,,,2026-05-19 14:47:29
LSSP3,UGS,A1825,SECTION 4,87.85,CLUSTER 1,88.17,,,2026-05-19 14:47:29
LSSP4,UGS,A1825,SECTION 4,87.85,CLUSTER 1,72.0,,,2026-05-19 14:47:29
LSSP5,UGS,A1825,SECTION 4,87.85,CLUSTER 1,87.17,,,2026-05-19 14:47:29
LSSP6,UGS,A1825,SECTION 4,87.85,CLUSTER 1,71.93,,,2026-05-19 14:47:29
LAL131B,UGS,A1825,SECTION 3,70.1,CLUSTER 1,71.32,,,2026-05-19 14:47:29
LAH131B,UGS,A1825,SECTION 3,70.1,CLUSTER 1,71.32,,,2026-05-19 14:47:29
V101,UGS,A1825,SECTION 3,84.77,UNKNOWN,50.67,,,2026-05-19 14:47:29
V111,UGS,A1825,SECTION 3,83.21,UNKNOWN,53.81,,,2026-05-19 14:47:29
V112,UGS,A1825,SECTION 3,83.21,UNKNOWN,53.81,,,2026-05-19 14:47:29
V113,UGS,A1825,SECTION 3,83.21,UNKNOWN,53.81,,,2026-05-19 14:47:29
V114,UGS,A1825,SECTION 3,83.21,UNKNOWN,53.81,,,2026-05-19 14:47:29
V115,UGS,A1825,SECTION 3,83.21,UNKNOWN,53.81,,,2026-05-19 14:47:29
V1201A,UGS,A1825,SECTION 1,86.89,CLUSTER 9,75.14,,,2026-05-19 14:47:29
V1201B,UGS,A1825,SECTION 1,89.83,CLUSTER 9,75.14,,,2026-05-19 14:47:29
V1201C,UGS,A1825,SECTION 1,91.07,CLUSTER 9,73.09,,,2026-05-19 14:47:29
V1201D,UGS,A1825,SECTION 1,90.82,CLUSTER 9,75.0,,,2026-05-19 14:47:29
V1201E,UGS,A1825,SECTION 1,91.07,CLUSTER 9,73.27,,,2026-05-19 14:47:29
V1201F,UGS,A1825,SECTION 1,91.07,CLUSTER 9,73.27,,,2026-05-19 14:47:29
V1201G,UGS,A1825,SECTION 1,91.07,CLUSTER 9,73.09,,,2026-05-19 14:47:29
V1201H,UGS,A1825,SECTION 1,91.07,CLUSTER 9,73.09,,,2026-05-19 14:47:29
V1201I,UGS,A1825,SECTION 1,91.07,CLUSTER 9,73.09,,,2026-05-19 14:47:29
V1202A,UGS,A1825,SECTION 1,86.89,CLUSTER 9,67.45,,,2026-05-19 14:47:29
V1202B,UGS,A1825,SECTION 1,89.83,CLUSTER 9,67.44,,,2026-05-19 14:47:29
V1202C,UGS,A1825,SECTION 1,91.07,CLUSTER 9,64.62,,,2026-05-19 14:47:29
V1202D,UGS,A1825,SECTION 1,90.82,CLUSTER 9,67.31,,,2026-05-19 14:47:29
V1202E,UGS,A1825,SECTION 1,91.07,CLUSTER 9,64.93,,,2026-05-19 14:47:29
V1202F,UGS,A1825,SECTION 1,91.07,CLUSTER 9,64.93,,,2026-05-19 14:47:29
V1202G,UGS,A1825,SECTION 1,91.07,CLUSTER 9,64.62,,,2026-05-19 14:47:29
V1202H,UGS,A1825,SECTION 1,91.07,CLUSTER 9,64.62,,,2026-05-19 14:47:29
V1202I,UGS,A1825,SECTION 1,91.07,CLUSTER 9,64.62,,,2026-05-19 14:47:29
V1203A,UGS,A1825,SECTION 1,86.89,CLUSTER 9,60.24,,,2026-05-19 14:47:29
V1203B,UGS,A1825,SECTION 1,89.83,CLUSTER 9,60.23,,,2026-05-19 14:47:29
V1203C,UGS,A1825,SECTION 1,91.07,UNKNOWN,57.51,,,2026-05-19 14:47:29
V1203D,UGS,A1825,SECTION 1,90.82,CLUSTER 9,60.06,,,2026-05-19 14:47:29
V1203E,UGS,A1825,SECTION 1,91.07,UNKNOWN,57.77,,,2026-05-19 14:47:29
V1203F,UGS,A1825,SECTION 1,91.07,UNKNOWN,57.77,,,2026-05-19 14:47:29
V1203G,UGS,A1825,SECTION 1,91.07,UNKNOWN,57.51,,,2026-05-19 14:47:29
V1203H,UGS,A1825,SECTION 1,91.07,UNKNOWN,57.51,,,2026-05-19 14:47:29
V1203I,UGS,A1825,SECTION 1,91.07,UNKNOWN,57.51,,,2026-05-19 14:47:29
V1204A,UGS,A1825,SECTION 1,86.89,CLUSTER 9,60.24,,,2026-05-19 14:47:29
V1204B,UGS,A1825,SECTION 1,89.83,CLUSTER 9,60.23,,,2026-05-19 14:47:29
V1204C,UGS,A1825,SECTION 1,91.07,UNKNOWN,57.51,,,2026-05-19 14:47:29
V1204D,UGS,A1825,SECTION 1,90.82,CLUSTER 9,60.06,,,2026-05-19 14:47:29
V1204E,UGS,A1825,SECTION 1,91.07,UNKNOWN,57.77,,,2026-05-19 14:47:29
V1204F,UGS,A1825,SECTION 1,91.07,UNKNOWN,57.77,,,2026-05-19 14:47:29
V1204G,UGS,A1825,SECTION 1,91.07,UNKNOWN,57.51,,,2026-05-19 14:47:29
V1204H,UGS,A1825,SECTION 1,91.07,UNKNOWN,57.51,,,2026-05-19 14:47:29
V1204I,UGS,A1825,SECTION 1,91.07,UNKNOWN,57.51,,,2026-05-19 14:47:29
V1205A,UGS,A1825,SECTION 1,86.89,CLUSTER 9,60.24,,,2026-05-19 14:47:29
V1205B,UGS,A1825,SECTION 1,89.83,CLUSTER 9,60.23,,,2026-05-19 14:47:29
V1205C,UGS,A1825,SECTION 1,91.07,UNKNOWN,57.51,,,2026-05-19 14:47:29
V1205D,UGS,A1825,SECTION 1,90.82,CLUSTER 9,60.06,,,2026-05-19 14:47:29
V1205E,UGS,A1825,SECTION 1,91.07,UNKNOWN,57.77,,,2026-05-19 14:47:29
V1205F,UGS,A1825,SECTION 1,91.07,UNKNOWN,57.77,,,2026-05-19 14:47:29
V1205G,UGS,A1825,SECTION 1,91.07,UNKNOWN,57.51,,,2026-05-19 14:47:29
V1205H,UGS,A1825,SECTION 1,91.07,UNKNOWN,57.51,,,2026-05-19 14:47:29
V1205I,UGS,A1825,SECTION 1,91.07,UNKNOWN,57.51,,,2026-05-19 14:47:29
V1206A,UGS,A1825,SECTION 1,86.89,CLUSTER 9,60.24,,,2026-05-19 14:47:29
V1206B,UGS,A1825,SECTION 1,89.83,CLUSTER 9,60.23,,,2026-05-19 14:47:29
V1206C,UGS,A1825,SECTION 1,91.07,UNKNOWN,57.51,,,2026-05-19 14:47:29
V1206D,UGS,A1825,SECTION 1,90.82,CLUSTER 9,60.06,,,2026-05-19 14:47:29
V1206E,UGS,A1825,SECTION 1,91.07,UNKNOWN,57.77,,,2026-05-19 14:47:29
V1206F,UGS,A1825,SECTION 1,91.07,UNKNOWN,57.77,,,2026-05-19 14:47:29
V1206G,UGS,A1825,SECTION 1,91.07,UNKNOWN,57.51,,,2026-05-19 14:47:29
V1206H,UGS,A1825,SECTION 1,91.07,UNKNOWN,57.51,,,2026-05-19 14:47:29
V1206I,UGS,A1825,SECTION 1,91.07,UNKNOWN,57.51,,,2026-05-19 14:47:29
V1207A,UGS,A1825,SECTION 1,86.89,CLUSTER 9,60.24,,,2026-05-19 14:47:29
V1207B,UGS,A1825,SECTION 1,89.83,CLUSTER 9,60.23,,,2026-05-19 14:47:29
V1207C,UGS,A1825,SECTION 1,91.07,UNKNOWN,57.51,,,2026-05-19 14:47:29
V1207D,UGS,A1825,SECTION 1,90.82,CLUSTER 9,60.06,,,2026-05-19 14:47:29
V1207E,UGS,A1825,SECTION 1,91.07,UNKNOWN,57.77,,,2026-05-19 14:47:29
V1207F,UGS,A1825,SECTION 1,91.07,UNKNOWN,57.77,,,2026-05-19 14:47:29
V1207G,UGS,A1825,SECTION 1,91.07,UNKNOWN,57.51,,,2026-05-19 14:47:29
V1207H,UGS,A1825,SECTION 1,91.07,UNKNOWN,57.51,,,2026-05-19 14:47:29
V1207I,UGS,A1825,SECTION 1,91.07,UNKNOWN,57.51,,,2026-05-19 14:47:29
V1208A,UGS,A1825,SECTION 1,86.89,CLUSTER 9,60.24,,,2026-05-19 14:47:29
V1208B,UGS,A1825,SECTION 1,89.83,CLUSTER 9,60.23,,,2026-05-19 14:47:29
V1208C,UGS,A1825,SECTION 1,91.07,UNKNOWN,57.51,,,2026-05-19 14:47:29
V1208D,UGS,A1825,SECTION 1,90.82,CLUSTER 9,60.06,,,2026-05-19 14:47:29
V1208E,UGS,A1825,SECTION 1,91.07,UNKNOWN,57.77,,,2026-05-19 14:47:29
V1208F,UGS,A1825,SECTION 1,91.07,UNKNOWN,57.77,,,2026-05-19 14:47:29
V1208G,UGS,A1825,SECTION 1,91.07,UNKNOWN,57.51,,,2026-05-19 14:47:29
V1208H,UGS,A1825,SECTION 1,91.07,UNKNOWN,57.51,,,2026-05-19 14:47:29
V1208I,UGS,A1825,SECTION 1,91.07,UNKNOWN,57.51,,,2026-05-19 14:47:29
V1209A,UGS,A1825,SECTION 1,86.89,CLUSTER 9,60.24,,,2026-05-19 14:47:29
V1209B,UGS,A1825,SECTION 1,89.83,CLUSTER 9,60.23,,,2026-05-19 14:47:29
V1209C,UGS,A1825,SECTION 1,91.07,UNKNOWN,57.51,,,2026-05-19 14:47:29
V1209D,UGS,A1825,SECTION 1,90.82,CLUSTER 9,60.06,,,2026-05-19 14:47:29
V1209E,UGS,A1825,SECTION 1,91.07,UNKNOWN,57.77,,,2026-05-19 14:47:29
V1209F,UGS,A1825,SECTION 1,91.07,UNKNOWN,57.77,,,2026-05-19 14:47:29
V1209G,UGS,A1825,SECTION 1,91.07,UNKNOWN,57.51,,,2026-05-19 14:47:29
V1209H,UGS,A1825,SECTION 1,91.07,UNKNOWN,57.51,,,2026-05-19 14:47:29
V1209I,UGS,A1825,SECTION 1,91.07,UNKNOWN,57.51,,,2026-05-19 14:47:29
V1210A,UGS,A1825,SECTION 1,86.89,CLUSTER 9,60.24,,,2026-05-19 14:47:29
V1210B,UGS,A1825,SECTION 1,89.83,CLUSTER 9,60.23,,,2026-05-19 14:47:29
V1210C,UGS,A1825,SECTION 1,91.07,UNKNOWN,57.51,,,2026-05-19 14:47:29
V1210D,UGS,A1825,SECTION 1,90.82,CLUSTER 9,60.06,,,2026-05-19 14:47:29
V1210E,UGS,A1825,SECTION 1,91.07,UNKNOWN,57.77,,,2026-05-19 14:47:29
V1210F,UGS,A1825,SECTION 1,91.07,UNKNOWN,57.77,,,2026-05-19 14:47:29
V1210G,UGS,A1825,SECTION 1,91.07,UNKNOWN,57.51,,,2026-05-19 14:47:29
V1210H,UGS,A1825,SECTION 1,91.07,UNKNOWN,57.51,,,2026-05-19 14:47:29
V1210I,UGS,A1825,SECTION 1,91.07,UNKNOWN,57.51,,,2026-05-19 14:47:29
V1211A,UGS,A1825,SECTION 1,86.89,CLUSTER 9,60.24,,,2026-05-19 14:47:29
V1211B,UGS,A1825,SECTION 1,89.83,CLUSTER 9,60.23,,,2026-05-19 14:47:29
V1211C,UGS,A1825,SECTION 1,91.07,UNKNOWN,57.51,,,2026-05-19 14:47:29
V1211D,UGS,A1825,SECTION 1,90.82,CLUSTER 9,60.06,,,2026-05-19 14:47:29
V1211E,UGS,A1825,SECTION 1,91.07,UNKNOWN,57.77,,,2026-05-19 14:47:29
V1211F,UGS,A1825,SECTION 1,91.07,UNKNOWN,57.77,,,2026-05-19 14:47:29
V1211G,UGS,A1825,SECTION 1,91.07,UNKNOWN,57.51,,,2026-05-19 14:47:29
V1211H,UGS,A1825,SECTION 1,91.07,UNKNOWN,57.51,,,2026-05-19 14:47:29
V1211I,UGS,A1825,SECTION 1,91.07,UNKNOWN,57.51,,,2026-05-19 14:47:29
V1212A,UGS,A1825,SECTION 1,86.89,CLUSTER 9,60.24,,,2026-05-19 14:47:29
V1212B,UGS,A1825,SECTION 1,89.83,CLUSTER 9,60.23,,,2026-05-19 14:47:29
V1212C,UGS,A1825,SECTION 1,91.07,UNKNOWN,57.51,,,2026-05-19 14:47:29
V1212D,UGS,A1825,SECTION 1,90.82,CLUSTER 9,60.06,,,2026-05-19 14:47:29
V1212E,UGS,A1825,SECTION 1,91.07,UNKNOWN,57.77,,,2026-05-19 14:47:29
V1212F,UGS,A1825,SECTION 1,91.07,UNKNOWN,57.77,,,2026-05-19 14:47:29
V1212G,UGS,A1825,SECTION 1,91.07,UNKNOWN,57.51,,,2026-05-19 14:47:29
V1212H,UGS,A1825,SECTION 1,91.07,UNKNOWN,57.51,,,2026-05-19 14:47:29
V1212I,UGS,A1825,SECTION 1,91.07,UNKNOWN,57.51,,,2026-05-19 14:47:29
V160,UGS,A1825,SECTION 3,83.21,UNKNOWN,53.81,,,2026-05-19 14:47:29
V162,UGS,A1825,SECTION 3,83.21,UNKNOWN,53.81,,,2026-05-19 14:47:29
V243,UGS,A1825,SECTION 3,74.49,UNKNOWN,40.85,,,2026-05-19 14:47:29
V251,UGS,A1825,SECTION 3,74.49,UNKNOWN,40.85,,,2026-05-19 14:47:29
V261,UGS,A1825,SECTION 3,74.49,UNKNOWN,40.85,,,2026-05-19 14:47:29
V262,UGS,A1825,SECTION 3,74.49,UNKNOWN,40.85,,,2026-05-19 14:47:29
V263,UGS,A1825,SECTION 3,74.49,UNKNOWN,40.85,,,2026-05-19 14:47:29
V264,UGS,A1825,SECTION 3,74.49,UNKNOWN,40.85,,,2026-05-19 14:47:29
TV241A,UGS,A1825,SECTION 3,65.4,CLUSTER 1,69.67,,,2026-05-19 14:47:29
TV241B,UGS,A1825,SECTION 3,64.3,CLUSTER 1,69.74,,,2026-05-19 14:47:29
Y1A,UGS,A1825,SECTION 2,90.72,CLUSTER 1,96.31,,,2026-05-19 14:47:29
Y2A,UGS,A1825,SECTION 2,90.72,CLUSTER 1,93.01,,,2026-05-19 14:47:29
Y3A,UGS,A1825,SECTION 2,90.72,CLUSTER 1,79.36,,,2026-05-19 14:47:29
Y5A,UGS,A1825,SECTION 2,90.72,CLUSTER 1,85.8,,,2026-05-19 14:47:29
Y6A,UGS,A1825,SECTION 2,90.72,CLUSTER 4,62.77,,,2026-05-19 14:47:29
Y7A,UGS,A1825,SECTION 2,90.72,CLUSTER 1,89.86,,,2026-05-19 14:47:29
Y8A,UGS,A1825,SECTION 2,90.72,CLUSTER 1,89.9,,,2026-05-19 14:47:29
Y9A,UGS,A1825,SECTION 2,90.72,CLUSTER 1,89.66,,,2026-05-19 14:47:29
Y10A,UGS,A1825,SECTION 2,91.68,UNKNOWN,58.95,,,2026-05-19 14:47:29
Y11A,UGS,A1825,SECTION 2,91.68,UNKNOWN,57.2,,,2026-05-19 14:47:29
Y12A,UGS,A1825,SECTION 2,91.88,CLUSTER 1,95.78,,,2026-05-19 14:47:29
Y13A,UGS,A1825,SECTION 2,91.88,CLUSTER 1,95.78,,,2026-05-19 14:47:29
Y20A,UGS,A1825,SECTION 2,91.88,CLUSTER 1,95.78,,,2026-05-19 14:47:29
Y21A,UGS,A1825,SECTION 2,97.76,CLUSTER 1,97.27,,,2026-05-19 14:47:29
Y1B,UGS,A1825,SECTION 2,90.74,CLUSTER 1,96.69,,,2026-05-19 14:47:29
Y2B,UGS,A1825,SECTION 2,90.74,CLUSTER 1,93.54,,,2026-05-19 14:47:29
Y3B,UGS,A1825,SECTION 2,90.74,CLUSTER 1,81.58,,,2026-05-19 14:47:29
Y5B,UGS,A1825,SECTION 2,90.74,CLUSTER 1,86.59,,,2026-05-19 14:47:29
Y6B,UGS,A1825,SECTION 2,90.74,CLUSTER 4,61.66,,,2026-05-19 14:47:29
Y7B,UGS,A1825,SECTION 2,90.74,CLUSTER 1,90.79,,,2026-05-19 14:47:29
Y8B,UGS,A1825,SECTION 2,90.74,CLUSTER 1,90.37,,,2026-05-19 14:47:29
Y9B,UGS,A1825,SECTION 2,90.74,CLUSTER 1,90.57,,,2026-05-19 14:47:29
Y10B,UGS,A1825,SECTION 2,91.68,UNKNOWN,59.68,,,2026-05-19 14:47:29
Y11B,UGS,A1825,SECTION 2,91.68,UNKNOWN,56.89,,,2026-05-19 14:47:29
Y12B,UGS,A1825,SECTION 2,91.88,CLUSTER 1,96.16,,,2026-05-19 14:47:29
Y13B,UGS,A1825,SECTION 2,91.88,CLUSTER 1,96.16,,,2026-05-19 14:47:29
Y20B,UGS,A1825,SECTION 2,91.88,CLUSTER 1,96.16,,,2026-05-19 14:47:29
Y21B,UGS,A1825,SECTION 2,97.68,CLUSTER 1,97.54,,,2026-05-19 14:47:29
D6,UGS,A1825,SECTION 4,90.26,CLUSTER 1,65.1,,,2026-05-19 14:47:29
D7,UGS,A1825,SECTION 4,90.26,CLUSTER 1,81.22,,,2026-05-19 14:47:29
D8,UGS,A1825,SECTION 4,90.26,CLUSTER 1,70.96,,,2026-05-19 14:47:29
W4,UGS,A1825,SECTION 4,90.26,CLUSTER 1,64.97,,,2026-05-19 14:47:29
W5,UGS,A1825,SECTION 4,90.26,CLUSTER 1,78.98,,,2026-05-19 14:47:29
SPV6,UGS,A1825,SECTION 4,90.26,CLUSTER 1,65.1,,,2026-05-19 14:47:29
SPV7,UGS,A1825,SECTION 4,90.26,CLUSTER 1,81.22,,,2026-05-19 14:47:29
SPV8,UGS,A1825,SECTION 4,90.26,CLUSTER 1,70.96,,,2026-05-19 14:47:29
CR1201,UGS,A1825,SECTION 1,99.81,CLUSTER 9,76.9,,,2026-05-19 14:58:57
CR1202,UGS,A1825,SECTION 1,99.81,CLUSTER 9,68.1,,,2026-05-19 14:58:57
CR1203,UGS,A1825,SECTION 1,99.81,CLUSTER 9,62.08,,,2026-05-19 14:58:57
CR1204,UGS,A1825,SECTION 1,99.81,CLUSTER 9,62.08,,,2026-05-19 14:58:57
CR1205,UGS,A1825,SECTION 1,99.81,CLUSTER 9,62.08,,,2026-05-19 14:58:57
CR1206,UGS,A1825,SECTION 1,99.81,CLUSTER 9,62.08,,,2026-05-19 14:58:57
CR1207,UGS,A1825,SECTION 1,99.81,CLUSTER 9,62.08,,,2026-05-19 14:58:57
CR1208,UGS,A1825,SECTION 1,99.81,CLUSTER 9,62.08,,,2026-05-19 14:58:57
CR1209,UGS,A1825,SECTION 1,99.81,CLUSTER 9,62.08,,,2026-05-19 14:58:57
CR1210,UGS,A1825,SECTION 1,99.81,CLUSTER 9,62.08,,,2026-05-19 14:58:57
CR1211,UGS,A1825,SECTION 1,99.81,CLUSTER 9,62.08,,,2026-05-19 14:58:57
CR1212,UGS,A1825,SECTION 1,99.81,CLUSTER 9,62.08,,,2026-05-19 14:58:57
PU1201,UGS,A1825,SECTION 1,99.81,CLUSTER 9,76.9,,,2026-05-19 14:58:57
PU1202,UGS,A1825,SECTION 1,99.81,CLUSTER 9,68.1,,,2026-05-19 14:58:57
PU1203,UGS,A1825,SECTION 1,99.81,CLUSTER 9,62.08,,,2026-05-19 14:58:57
PU1204,UGS,A1825,SECTION 1,99.81,CLUSTER 9,62.08,,,2026-05-19 14:58:57
PU1205,UGS,A1825,SECTION 1,99.81,CLUSTER 9,62.08,,,2026-05-19 14:58:57
PU1206,UGS,A1825,SECTION 1,99.81,CLUSTER 9,62.08,,,2026-05-19 14:58:57
PU1207,UGS,A1825,SECTION 1,99.81,CLUSTER 9,62.08,,,2026-05-19 14:58:57
PU1208,UGS,A1825,SECTION 1,99.81,CLUSTER 9,62.08,,,2026-05-19 14:58:57
PU1209,UGS,A1825,SECTION 1,99.81,CLUSTER 9,62.08,,,2026-05-19 14:58:57
PU1210,UGS,A1825,SECTION 1,99.81,CLUSTER 9,62.08,,,2026-05-19 14:58:57
PU1211,UGS,A1825,SECTION 1,99.81,CLUSTER 9,62.08,,,2026-05-19 14:58:57
PU1212,UGS,A1825,SECTION 1,99.81,CLUSTER 9,62.08,,,2026-05-19 14:58:57
PU101A,UGS,A1825,SECTION 3,69.95,CLUSTER 1,78.82,,,2026-05-19 14:58:57
PU101B,UGS,A1825,SECTION 3,69.16,CLUSTER 1,78.59,,,2026-05-19 14:58:57
PU111,UGS,A1825,SECTION 3,82.89,CLUSTER 1,65.04,,,2026-05-19 14:58:57
PU161,UGS,A1825,SECTION 3,82.89,CLUSTER 1,65.04,,,2026-05-19 14:58:57
PU221A,UGS,A1825,SECTION 3,65.4,CLUSTER 1,69.67,,,2026-05-19 14:58:57
PU221B,UGS,A1825,SECTION 3,64.3,CLUSTER 1,69.74,,,2026-05-19 14:58:57
PU231,UGS,A1825,SECTION 3,74.19,UNKNOWN,46.11,,,2026-05-19 14:58:57
PU241A,UGS,A1825,SECTION 3,65.4,CLUSTER 1,69.67,,,2026-05-19 14:58:57
PU241B,UGS,A1825,SECTION 3,64.3,CLUSTER 1,69.74,,,2026-05-19 14:58:57
PU251,UGS,A1825,SECTION 3,74.19,UNKNOWN,46.11,,,2026-05-19 14:58:57
PU162,UGS,A1825,SECTION 3,82.89,CLUSTER 1,65.04,,,2026-05-19 14:58:57
PU131,UGS,A1825,SECTION 3,82.89,CLUSTER 1,65.04,,,2026-05-19 14:58:57
PU131B,UGS,A1825,SECTION 3,68.65,CLUSTER 1,65.48,,,2026-05-19 14:58:57
PU132A,UGS,A1825,SECTION 3,69.49,CLUSTER 1,65.64,,,2026-05-19 14:58:57
PU132B,UGS,A1825,SECTION 3,68.65,CLUSTER 1,65.48,,,2026-05-19 14:58:57
PU141A,UGS,A1825,SECTION 3,69.49,CLUSTER 1,65.64,,,2026-05-19 14:58:57
PU141B,UGS,A1825,SECTION 3,68.65,CLUSTER 1,65.48,,,2026-05-19 14:58:57
PU151,UGS,A1825,SECTION 3,82.89,CLUSTER 1,65.04,,,2026-05-19 14:58:57
PU151B,UGS,A1825,SECTION 3,68.65,CLUSTER 1,65.48,,,2026-05-19 14:58:57
CU131A,UGS,A1825,SECTION 3,69.49,CLUSTER 1,65.64,,,2026-05-19 14:58:57
CU131B,UGS,A1825,SECTION 3,68.65,CLUSTER 1,65.48,,,2026-05-19 14:58:57
CT151F1,UGS,A1825,UNKNOWN,55.12,UNKNOWN,33.64,,,2026-05-19 14:58:57
CT151F2,UGS,A1825,UNKNOWN,54.63,UNKNOWN,41.39,,,2026-05-19 14:58:57
CT141AF1,UGS,A1825,SECTION 2,79.39,CLUSTER 5,75.91,,,2026-05-19 14:58:57
CT141AF2,UGS,A1825,SECTION 2,80.44,CLUSTER 5,69.9,,,2026-05-19 14:58:57
CT141BF1,UGS,A1825,SECTION 2,79.39,CLUSTER 5,75.91,,,2026-05-19 14:58:57
CT141BF2,UGS,A1825,SECTION 2,80.44,CLUSTER 5,69.9,,,2026-05-19 14:58:57
CU131CSP,UGS,A1825,SECTION 2,85.36,UNKNOWN,50.96,,,2026-05-19 14:58:57
CT141CF1SP,UGS,A1825,SECTION 2,79.84,UNKNOWN,59.72,,,2026-05-19 14:58:57
CT141CF2SP,UGS,A1825,SECTION 2,79.84,UNKNOWN,59.72,,,2026-05-19 14:58:57
SPPU1,UGS,A1825,SECTION 4,87.6,CLUSTER 1,96.81,,,2026-05-19 14:58:57
SPPU2,UGS,A1825,SECTION 4,87.85,CLUSTER 1,89.52,,,2026-05-19 14:58:57
SPPU3,UGS,A1825,SECTION 4,87.85,CLUSTER 1,88.17,,,2026-05-19 14:58:57
SPPU4,UGS,A1825,SECTION 4,87.85,CLUSTER 1,72.0,,,2026-05-19 14:58:57
PU211,UGS,A1825,SECTION 3,76.97,UNKNOWN,46.96,,,2026-05-19 14:58:57
HM211A,UGS,A1825,SECTION 3,66.13,CLUSTER 1,61.91,,,2026-05-19 14:58:57
HM211B,UGS,A1825,SECTION 3,65.11,CLUSTER 1,61.96,,,2026-05-19 14:58:57
PU261,UGS,A1825,SECTION 3,74.19,UNKNOWN,46.11,,,2026-05-19 14:58:57
FN261,UGS,A1825,SECTION 3,74.19,UNKNOWN,46.11,,,2026-05-19 14:58:57
FT100,UGS,A1825,SECTION 3,88.93,CLUSTER 1,74.83,,,2026-05-19 14:58:57
FT221,UGS,A1825,SECTION 3,74.19,UNKNOWN,46.11,,,2026-05-19 14:58:57
FT221B,UGS,A1825,SECTION 3,64.3,CLUSTER 1,69.74,,,2026-05-19 14:58:57
FT223,UGS,A1825,SECTION 3,74.19,UNKNOWN,46.11,,,2026-05-19 14:58:57
FT111,UGS,A1825,SECTION 3,82.89,CLUSTER 1,65.04,,,2026-05-19 14:58:57
FTSP1,UGS,A1825,SECTION 4,87.6,CLUSTER 1,96.81,,,2026-05-19 14:58:57
FTSP2,UGS,A1825,SECTION 4,87.85,CLUSTER 1,89.52,,,2026-05-19 14:58:57
TE101,UGS,A1825,SECTION 3,84.43,CLUSTER 1,79.51,,,2026-05-19 14:58:57
TE111,UGS,A1825,SECTION 3,82.89,CLUSTER 1,65.04,,,2026-05-19 14:58:57
TE1201A,UGS,A1825,SECTION 1,79.61,CLUSTER 9,80.31,,,2026-05-19 14:58:57
TE1202A,UGS,A1825,SECTION 1,79.61,CLUSTER 9,80.8,,,2026-05-19 14:58:57
TE1203A,UGS,A1825,SECTION 1,79.61,CLUSTER 9,74.67,,,2026-05-19 14:58:57
TE1204A,UGS,A1825,SECTION 1,79.61,CLUSTER 9,74.67,,,2026-05-19 14:58:57
TE1205A,UGS,A1825,SECTION 1,79.61,CLUSTER 9,74.67,,,2026-05-19 14:58:57
TE1206A,UGS,A1825,SECTION 1,79.61,CLUSTER 9,74.67,,,2026-05-19 14:58:57
TE1207A,UGS,A1825,SECTION 1,79.61,CLUSTER 9,74.67,,,2026-05-19 14:58:57
TE1208A,UGS,A1825,SECTION 1,79.61,CLUSTER 9,74.67,,,2026-05-19 14:58:57
TE1209A,UGS,A1825,SECTION 1,79.61,CLUSTER 9,74.67,,,2026-05-19 14:58:57
TE1210A,UGS,A1825,SECTION 1,79.61,CLUSTER 9,74.67,,,2026-05-19 14:58:57
TE1211A,UGS,A1825,SECTION 1,79.61,CLUSTER 9,74.67,,,2026-05-19 14:58:57
TE1212A,UGS,A1825,SECTION 1,79.61,CLUSTER 9,74.67,,,2026-05-19 14:58:57
TE1201B,UGS,A1825,SECTION 1,81.63,CLUSTER 9,80.29,,,2026-05-19 14:58:57
TE1202B,UGS,A1825,SECTION 1,81.63,CLUSTER 9,80.79,,,2026-05-19 14:58:57
TE1203B,UGS,A1825,SECTION 1,81.63,CLUSTER 9,74.65,,,2026-05-19 14:58:57
TE1204B,UGS,A1825,SECTION 1,81.63,CLUSTER 9,74.65,,,2026-05-19 14:58:57
TE1205B,UGS,A1825,SECTION 1,81.63,CLUSTER 9,74.65,,,2026-05-19 14:58:57
TE1206B,UGS,A1825,SECTION 1,81.63,CLUSTER 9,74.65,,,2026-05-19 14:58:57
TE1207B,UGS,A1825,SECTION 1,81.63,CLUSTER 9,74.65,,,2026-05-19 14:58:57
TE1208B,UGS,A1825,SECTION 1,81.63,CLUSTER 9,74.65,,,2026-05-19 14:58:57
TE1209B,UGS,A1825,SECTION 1,81.63,CLUSTER 9,74.65,,,2026-05-19 14:58:57
TE1210B,UGS,A1825,SECTION 1,81.63,CLUSTER 9,74.65,,,2026-05-19 14:58:57
TE1211B,UGS,A1825,SECTION 1,81.63,CLUSTER 9,74.65,,,2026-05-19 14:58:57
TE1212B,UGS,A1825,SECTION 1,81.63,CLUSTER 9,74.65,,,2026-05-19 14:58:57
LT1201,UGS,A1825,SECTION 1,99.81,CLUSTER 9,76.9,,,2026-05-19 14:58:57
LT1202,UGS,A1825,SECTION 1,99.81,CLUSTER 9,68.1,,,2026-05-19 14:58:57
LT1203,UGS,A1825,SECTION 1,99.81,CLUSTER 9,62.08,,,2026-05-19 14:58:57
LT1204,UGS,A1825,SECTION 1,99.81,CLUSTER 9,62.08,,,2026-05-19 14:58:57
LT1205,UGS,A1825,SECTION 1,99.81,CLUSTER 9,62.08,,,2026-05-19 14:58:57
LT1206,UGS,A1825,SECTION 1,99.81,CLUSTER 9,62.08,,,2026-05-19 14:58:57
LT1207,UGS,A1825,SECTION 1,99.81,CLUSTER 9,62.08,,,2026-05-19 14:58:57
LT1208,UGS,A1825,SECTION 1,99.81,CLUSTER 9,62.08,,,2026-05-19 14:58:57
LT1209,UGS,A1825,SECTION 1,99.81,CLUSTER 9,62.08,,,2026-05-19 14:58:57
LT1210,UGS,A1825,SECTION 1,99.81,CLUSTER 9,62.08,,,2026-05-19 14:58:57
LT1211,UGS,A1825,SECTION 1,99.81,CLUSTER 9,62.08,,,2026-05-19 14:58:57
LT1212,UGS,A1825,SECTION 1,99.81,CLUSTER 9,62.08,,,2026-05-19 14:58:57
SIC1201,UGS,A1825,SECTION 1,99.8,CLUSTER 9,85.24,,,2026-05-19 14:58:57
SIC1202,UGS,A1825,SECTION 1,99.8,CLUSTER 9,85.38,,,2026-05-19 14:58:57
SIC1203,UGS,A1825,SECTION 1,99.8,CLUSTER 9,80.64,,,2026-05-19 14:58:57
SIC1204,UGS,A1825,SECTION 1,99.8,CLUSTER 9,80.64,,,2026-05-19 14:58:57
SIC1205,UGS,A1825,SECTION 1,99.8,CLUSTER 9,80.64,,,2026-05-19 14:58:57
SIC1206,UGS,A1825,SECTION 1,99.8,CLUSTER 9,80.64,,,2026-05-19 14:58:57
SIC1207,UGS,A1825,SECTION 1,99.8,CLUSTER 9,80.64,,,2026-05-19 14:58:57
SIC1208,UGS,A1825,SECTION 1,99.8,CLUSTER 9,80.64,,,2026-05-19 14:58:57
SIC1209,UGS,A1825,SECTION 1,99.8,CLUSTER 9,80.64,,,2026-05-19 14:58:57
SIC1210,UGS,A1825,SECTION 1,99.8,CLUSTER 9,80.64,,,2026-05-19 14:58:57
SIC1211,UGS,A1825,SECTION 1,99.8,CLUSTER 9,80.64,,,2026-05-19 14:58:57
SIC1212,UGS,A1825,SECTION 1,99.8,CLUSTER 9,80.64,,,2026-05-19 14:58:57
CR1201SPD,UGS,A1825,UNKNOWN,49.38,CLUSTER 9,74.94,,,2026-05-19 14:58:57
CR1202SPD,UGS,A1825,UNKNOWN,49.38,CLUSTER 9,73.34,,,2026-05-19 14:58:57
CR1203SPD,UGS,A1825,UNKNOWN,49.38,CLUSTER 9,68.07,,,2026-05-19 14:58:57
CR1204SPD,UGS,A1825,UNKNOWN,49.38,CLUSTER 9,68.07,,,2026-05-19 14:58:57
CR1205SPD,UGS,A1825,UNKNOWN,49.38,CLUSTER 9,68.07,,,2026-05-19 14:58:57
CR1206SPD,UGS,A1825,UNKNOWN,49.38,CLUSTER 9,68.07,,,2026-05-19 14:58:57
CR1207SPD,UGS,A1825,UNKNOWN,49.38,CLUSTER 9,68.07,,,2026-05-19 14:58:57
CR1208SPD,UGS,A1825,UNKNOWN,49.38,CLUSTER 9,68.07,,,2026-05-19 14:58:57
CR1209SPD,UGS,A1825,UNKNOWN,49.38,CLUSTER 9,68.07,,,2026-05-19 14:58:57
CR1210SPD,UGS,A1825,UNKNOWN,49.38,CLUSTER 9,68.07,,,2026-05-19 14:58:57
CR1211SPD,UGS,A1825,UNKNOWN,49.38,CLUSTER 9,68.07,,,2026-05-19 14:58:57
CR1212SPD,UGS,A1825,UNKNOWN,49.38,CLUSTER 9,68.07,,,2026-05-19 14:58:57
TE1201C,UGS,A1825,SECTION 1,83.77,CLUSTER 9,78.84,,,2026-05-19 14:58:57
TE1202C,UGS,A1825,SECTION 1,83.77,CLUSTER 9,79.07,,,2026-05-19 14:58:57
TE1203C,UGS,A1825,SECTION 1,83.77,CLUSTER 9,72.89,,,2026-05-19 14:58:57
TE1204C,UGS,A1825,SECTION 1,83.77,CLUSTER 9,72.89,,,2026-05-19 14:58:57
TE1205C,UGS,A1825,SECTION 1,83.77,CLUSTER 9,72.89,,,2026-05-19 14:58:57
TE1206C,UGS,A1825,SECTION 1,83.77,CLUSTER 9,72.89,,,2026-05-19 14:58:57
TE1207C,UGS,A1825,SECTION 1,83.77,CLUSTER 9,72.89,,,2026-05-19 14:58:57
TE1208C,UGS,A1825,SECTION 1,83.77,CLUSTER 9,72.89,,,2026-05-19 14:58:57
TE1209C,UGS,A1825,SECTION 1,83.77,CLUSTER 9,72.89,,,2026-05-19 14:58:57
TE1210C,UGS,A1825,SECTION 1,83.77,CLUSTER 9,72.89,,,2026-05-19 14:58:57
TE1211C,UGS,A1825,SECTION 1,83.77,CLUSTER 9,72.89,,,2026-05-19 14:58:57
TE1212C,UGS,A1825,SECTION 1,83.77,CLUSTER 9,72.89,,,2026-05-19 14:58:57
TE161,UGS,A1825,SECTION 3,82.89,CLUSTER 1,65.04,,,2026-05-19 14:58:57
TE112,UGS,A1825,SECTION 3,82.89,CLUSTER 1,65.04,,,2026-05-19 14:58:57
PT200,UGS,A1825,SECTION 3,79.68,UNKNOWN,46.1,,,2026-05-19 14:58:57
PT201,UGS,A1825,SECTION 3,79.68,UNKNOWN,46.1,,,2026-05-19 14:58:57
PTN2,UGS,A1825,SECTION 4,90.26,CLUSTER 1,86.19,,,2026-05-19 14:58:57
LT241A,UGS,A1825,SECTION 3,65.4,CLUSTER 1,69.67,,,2026-05-19 14:58:57
LT241B,UGS,A1825,SECTION 3,64.3,CLUSTER 1,69.74,,,2026-05-19 14:58:57
LT261,UGS,A1825,SECTION 3,74.19,UNKNOWN,46.11,,,2026-05-19 14:58:57
LT221A,UGS,A1825,SECTION 3,65.4,CLUSTER 1,69.67,,,2026-05-19 14:58:57
LT221B,UGS,A1825,SECTION 3,64.3,CLUSTER 1,69.74,,,2026-05-19 14:58:57
LT231,UGS,A1825,SECTION 3,74.19,UNKNOWN,46.11,,,2026-05-19 14:58:57
LT251,UGS,A1825,SECTION 3,74.19,UNKNOWN,46.11,,,2026-05-19 14:58:57
TE221A,UGS,A1825,SECTION 3,65.4,CLUSTER 1,69.67,,,2026-05-19 14:58:57
TE221B,UGS,A1825,SECTION 3,64.3,CLUSTER 1,69.74,,,2026-05-19 14:58:57
TE231A,UGS,A1825,SECTION 3,65.4,CLUSTER 1,69.67,,,2026-05-19 14:58:57
TE251,UGS,A1825,SECTION 3,74.19,UNKNOWN,46.11,,,2026-05-19 14:58:57
TE131A,UGS,A1825,SECTION 3,69.49,CLUSTER 1,65.64,,,2026-05-19 14:58:57
TE132AA,UGS,A1825,UNKNOWN,59.08,UNKNOWN,47.79,,,2026-05-19 14:58:57
TE132AB,UGS,A1825,UNKNOWN,58.7,UNKNOWN,48.03,,,2026-05-19 14:58:57
TE132BA,UGS,A1825,UNKNOWN,59.08,UNKNOWN,47.79,,,2026-05-19 14:58:57
TE132BB,UGS,A1825,UNKNOWN,58.7,UNKNOWN,48.03,,,2026-05-19 14:58:57
TE141A,UGS,A1825,SECTION 3,69.49,CLUSTER 1,65.64,,,2026-05-19 14:58:57
TE141B,UGS,A1825,SECTION 3,68.65,CLUSTER 1,65.48,,,2026-05-19 14:58:57
TE151,UGS,A1825,SECTION 3,82.89,CLUSTER 1,65.04,,,2026-05-19 14:58:57
PT131,UGS,A1825,SECTION 3,82.89,CLUSTER 1,65.04,,,2026-05-19 14:58:57
PT151,UGS,A1825,SECTION 3,82.89,CLUSTER 1,65.04,,,2026-05-19 14:58:57
TV1201,UGS,A1825,SECTION 1,99.81,CLUSTER 9,76.9,,,2026-05-19 14:58:57
TV1202,UGS,A1825,SECTION 1,99.81,CLUSTER 9,68.1,,,2026-05-19 14:58:57
TV1203,UGS,A1825,SECTION 1,99.81,CLUSTER 9,62.08,,,2026-05-19 14:58:57
TV1204,UGS,A1825,SECTION 1,99.81,CLUSTER 9,62.08,,,2026-05-19 14:58:57
TV1205,UGS,A1825,SECTION 1,99.81,CLUSTER 9,62.08,,,2026-05-19 14:58:57
TV1206,UGS,A1825,SECTION 1,99.81,CLUSTER 9,62.08,,,2026-05-19 14:58:57
TV1207,UGS,A1825,SECTION 1,99.81,CLUSTER 9,62.08,,,2026-05-19 14:58:57
TV1208,UGS,A1825,SECTION 1,99.81,CLUSTER 9,62.08,,,2026-05-19 14:58:57
TV1209,UGS,A1825,SECTION 1,99.81,CLUSTER 9,62.08,,,2026-05-19 14:58:57
TV1210,UGS,A1825,SECTION 1,99.81,CLUSTER 9,62.08,,,2026-05-19 14:58:57
TV1211,UGS,A1825,SECTION 1,99.81,CLUSTER 9,62.08,,,2026-05-19 14:58:57
TV1212,UGS,A1825,SECTION 1,99.81,CLUSTER 9,62.08,,,2026-05-19 14:58:57
TV101,UGS,A1825,SECTION 3,84.43,CLUSTER 1,79.51,,,2026-05-19 14:58:57
TV111,UGS,A1825,SECTION 3,82.89,CLUSTER 1,65.04,,,2026-05-19 14:58:57
TV161,UGS,A1825,SECTION 3,82.89,CLUSTER 1,65.04,,,2026-05-19 14:58:57
TV112,UGS,A1825,SECTION 3,82.89,CLUSTER 1,65.04,,,2026-05-19 14:58:57
TV231,UGS,A1825,SECTION 3,74.19,UNKNOWN,46.11,,,2026-05-19 14:58:57
PT161,UGS,A1825,SECTION 3,82.89,CLUSTER 1,65.04,,,2026-05-19 14:58:57
PTSP2,UGS,A1825,SECTION 4,87.85,CLUSTER 1,89.52,,,2026-05-19 14:58:57
PTSP3,UGS,A1825,SECTION 4,87.85,CLUSTER 1,88.17,,,2026-05-19 14:58:57
PTSP4,UGS,A1825,SECTION 4,87.85,CLUSTER 1,72.0,,,2026-05-19 14:58:57
PTSP5,UGS,A1825,SECTION 4,87.85,CLUSTER 1,87.17,,,2026-05-19 14:58:57
PTSP6,UGS,A1825,SECTION 4,87.85,CLUSTER 1,71.93,,,2026-05-19 14:58:57
TE241A,UGS,A1825,SECTION 3,65.4,CLUSTER 1,69.67,,,2026-05-19 14:58:57
TE161A,UGS,A1825,SECTION 3,69.49,CLUSTER 1,65.64,,,2026-05-19 14:58:57
TE251,UGS,A1825,SECTION 3,74.19,UNKNOWN,46.11,,,2026-05-19 14:58:57
TESP4,UGS,A1825,SECTION 4,87.85,CLUSTER 1,72.0,,,2026-05-19 14:58:57
TESP5,UGS,A1825,SECTION 4,87.85,CLUSTER 1,87.17,,,2026-05-19 14:58:57
TESP6,UGS,A1825,SECTION 4,87.85,CLUSTER 1,71.93,,,2026-05-19 14:58:57
SPCV1,UGS,A1825,SECTION 4,87.6,CLUSTER 1,96.81,,,2026-05-19 14:58:57
PISH211,UGS,A1825,SECTION 3,80.97,UNKNOWN,59.7,,,2026-05-19 14:58:57
PISH261,UGS,A1825,SECTION 3,78.64,UNKNOWN,55.93,,,2026-05-19 14:58:57
TISH211,UGS,A1825,SECTION 3,80.97,UNKNOWN,59.7,,,2026-05-19 14:58:57
TISH261,UGS,A1825,SECTION 3,78.64,UNKNOWN,55.93,,,2026-05-19 14:58:57
PT212,UGS,A1825,SECTION 3,74.19,UNKNOWN,46.11,,,2026-05-19 14:58:57
PT213,UGS,A1825,SECTION 3,74.19,UNKNOWN,46.11,,,2026-05-19 14:58:57
PT211,UGS,A1825,SECTION 3,76.97,UNKNOWN,46.96,,,2026-05-19 14:58:57
PT261,UGS,A1825,SECTION 3,74.19,UNKNOWN,46.11,,,2026-05-19 14:58:57
TE241A,UGS,A1825,SECTION 3,65.4,CLUSTER 1,69.67,,,2026-05-19 14:58:57
TE241B,UGS,A1825,SECTION 3,64.3,CLUSTER 1,69.74,,,2026-05-19 14:58:57
TE261,UGS,A1825,SECTION 3,74.19,UNKNOWN,46.11,,,2026-05-19 14:58:57
SIC211,UGS,A1825,SECTION 3,80.34,UNKNOWN,57.85,,,2026-05-19 14:58:57
SIC261,UGS,A1825,SECTION 3,77.95,UNKNOWN,56.88,,,2026-05-19 14:58:57
FM100,UGS,A1825,SECTION 3,88.93,CLUSTER 1,74.83,,,2026-05-19 14:58:57
FM221,UGS,A1825,SECTION 3,74.19,UNKNOWN,46.11,,,2026-05-19 14:58:57
FM221B,UGS,A1825,SECTION 3,64.3,CLUSTER 1,69.74,,,2026-05-19 14:58:57
FM223,UGS,A1825,SECTION 3,74.19,UNKNOWN,46.11,,,2026-05-19 14:58:57
FM111,UGS,A1825,SECTION 3,82.89,CLUSTER 1,65.04,,,2026-05-19 14:58:57
FMSP1,UGS,A1825,SECTION 4,87.6,CLUSTER 1,96.81,,,2026-05-19 14:58:57
FMSP2,UGS,A1825,SECTION 4,87.85,CLUSTER 1,89.52,,,2026-05-19 14:58:57
LAHH1201,UGS,A1825,SECTION 1,99.79,CLUSTER 9,86.01,,,2026-05-19 14:58:57
LAHH1202,UGS,A1825,SECTION 1,99.79,CLUSTER 9,86.08,,,2026-05-19 14:58:57
LAHH1203,UGS,A1825,SECTION 1,99.79,CLUSTER 9,81.59,,,2026-05-19 14:58:57
LAHH1204,UGS,A1825,SECTION 1,99.79,CLUSTER 9,81.59,,,2026-05-19 14:58:57
LAHH1205,UGS,A1825,SECTION 1,99.79,CLUSTER 9,81.59,,,2026-05-19 14:58:57
LAHH1206,UGS,A1825,SECTION 1,99.79,CLUSTER 9,81.59,,,2026-05-19 14:58:57
LAHH1207,UGS,A1825,SECTION 1,99.79,CLUSTER 9,81.59,,,2026-05-19 14:58:57
LAHH1208,UGS,A1825,SECTION 1,99.79,CLUSTER 9,81.59,,,2026-05-19 14:58:57
LAHH1209,UGS,A1825,SECTION 1,99.79,CLUSTER 9,81.59,,,2026-05-19 14:58:57
LAHH1210,UGS,A1825,SECTION 1,99.79,CLUSTER 9,81.59,,,2026-05-19 14:58:57
LAHH1211,UGS,A1825,SECTION 1,99.79,CLUSTER 9,81.59,,,2026-05-19 14:58:57
LAHH1212,UGS,A1825,SECTION 1,99.79,CLUSTER 9,81.59,,,2026-05-19 14:58:57
LAHH101,UGS,A1825,SECTION 3,85.76,CLUSTER 1,66.62,,,2026-05-19 14:58:57
LAL161,UGS,A1825,SECTION 3,83.84,CLUSTER 3,66.19,,,2026-05-19 14:58:57
LAH161,UGS,A1825,SECTION 3,83.84,CLUSTER 3,66.19,,,2026-05-19 14:58:57
LAL162,UGS,A1825,SECTION 3,83.84,CLUSTER 3,66.19,,,2026-05-19 14:58:57
LAH162,UGS,A1825,SECTION 3,83.84,CLUSTER 3,66.19,,,2026-05-19 14:58:57
LAL221A,UGS,A1825,SECTION 3,67.89,CLUSTER 1,74.45,,,2026-05-19 14:58:57
LAL221B,UGS,A1825,SECTION 3,67.38,CLUSTER 1,73.73,,,2026-05-19 14:58:57
LAH221A,UGS,A1825,SECTION 3,67.89,CLUSTER 1,74.45,,,2026-05-19 14:58:57
LAH221B,UGS,A1825,SECTION 3,67.38,CLUSTER 1,73.73,,,2026-05-19 14:58:57
LAHH221A,UGS,A1825,SECTION 3,68.75,UNKNOWN,34.13,,,2026-05-19 14:58:57
LAHH221B,UGS,A1825,SECTION 3,68.24,UNKNOWN,33.61,,,2026-05-19 14:58:57
LAL231,UGS,A1825,SECTION 3,77.95,UNKNOWN,56.88,,,2026-05-19 14:58:57
LAH231,UGS,A1825,SECTION 3,77.95,UNKNOWN,56.88,,,2026-05-19 14:58:57
LAL241A,UGS,A1825,SECTION 3,67.89,CLUSTER 1,74.45,,,2026-05-19 14:58:57
LAL241B,UGS,A1825,SECTION 3,67.38,CLUSTER 1,73.73,,,2026-05-19 14:58:57
LAH241A,UGS,A1825,SECTION 3,67.89,CLUSTER 1,74.45,,,2026-05-19 14:58:57
LAH241B,UGS,A1825,SECTION 3,67.38,CLUSTER 1,73.73,,,2026-05-19 14:58:57
LAL251,UGS,A1825,SECTION 3,77.95,UNKNOWN,56.88,,,2026-05-19 14:58:57
LAH251,UGS,A1825,SECTION 3,77.95,UNKNOWN,56.88,,,2026-05-19 14:58:57
LAHH261,UGS,A1825,SECTION 3,78.64,UNKNOWN,55.93,,,2026-05-19 14:58:57
LAL131A,UGS,A1825,SECTION 3,70.55,CLUSTER 1,72.88,,,2026-05-19 14:58:57
LAH131A,UGS,A1825,SECTION 3,70.55,CLUSTER 1,72.88,,,2026-05-19 14:58:57
FS131A,UGS,A1825,SECTION 3,69.49,CLUSTER 1,65.64,,,2026-05-19 14:58:57
FS131B,UGS,A1825,SECTION 3,68.65,CLUSTER 1,65.48,,,2026-05-19 14:58:57
FS141A,UGS,A1825,SECTION 3,69.49,CLUSTER 1,65.64,,,2026-05-19 14:58:57
FS141B,UGS,A1825,SECTION 3,68.65,CLUSTER 1,65.48,,,2026-05-19 14:58:57
ROPESWITCH,UGS,A1825,UNKNOWN,31.55,UNKNOWN,41.37,,,2026-05-19 14:58:57
PS3,UGS,A1825,SECTION 4,90.26,CLUSTER 1,77.4,,,2026-05-19 14:58:57
PS1,UGS,A1825,SECTION 4,90.05,CLUSTER 1,93.93,,,2026-05-19 14:58:57
PS2,UGS,A1825,SECTION 4,90.26,CLUSTER 1,86.19,,,2026-05-19 14:58:57
PS4,UGS,A1825,SECTION 4,90.26,CLUSTER 1,64.97,,,2026-05-19 14:58:57
PS5,UGS,A1825,SECTION 4,90.26,CLUSTER 1,78.98,,,2026-05-19 14:58:57
PS6,UGS,A1825,SECTION 4,90.26,CLUSTER 1,65.1,,,2026-05-19 14:58:57
PS7,UGS,A1825,SECTION 4,90.26,CLUSTER 1,81.22,,,2026-05-19 14:58:57
PS8,UGS,A1825,SECTION 4,90.26,CLUSTER 1,70.96,,,2026-05-19 14:58:57
FILTERHORN,UGS,A1825,UNKNOWN,31.55,UNKNOWN,41.37,,,2026-05-19 14:58:57
STANDARDPOSITIONSIGNAL,UGS,A1825,UNKNOWN,31.51,UNKNOWN,41.32,,,2026-05-19 14:58:57
PLFILTERCLOSE,UGS,A1825,UNKNOWN,31.51,UNKNOWN,41.32,,,2026-05-19 14:58:57
PLFILTEROPEN,UGS,A1825,UNKNOWN,31.51,UNKNOWN,41.32,,,2026-05-19 14:58:57
PBEMERGENCYSTOPA,UGS,A1825,UNKNOWN,31.51,UNKNOWN,41.32,,,2026-05-19 14:58:57
PBOPENFILTERA,UGS,A1825,UNKNOWN,31.51,UNKNOWN,41.32,,,2026-05-19 14:58:57
PBCLOSEFILTERA,UGS,A1825,UNKNOWN,31.51,UNKNOWN,41.32,,,2026-05-19 14:58:57
PBSEMISTEPFILTERA,UGS,A1825,UNKNOWN,31.51,UNKNOWN,41.32,,,2026-05-19 14:58:57
TLALARMFILTER,UGS,A1825,UNKNOWN,31.51,UNKNOWN,41.32,,,2026-05-19 14:58:57
TLPROCESSRUNNINGFILTER,UGS,A1825,UNKNOWN,31.51,UNKNOWN,41.32,,,2026-05-19 14:58:57
TLFILTERMOVING,UGS,A1825,UNKNOWN,31.51,UNKNOWN,41.32,,,2026-05-19 14:58:57
LSSP1,UGS,A1825,SECTION 4,87.6,CLUSTER 1,96.81,,,2026-05-19 14:58:57
LSSP2,UGS,A1825,SECTION 4,87.85,CLUSTER 1,89.52,,,2026-05-19 14:58:57
LSSP3,UGS,A1825,SECTION 4,87.85,CLUSTER 1,88.17,,,2026-05-19 14:58:57
LSSP4,UGS,A1825,SECTION 4,87.85,CLUSTER 1,72.0,,,2026-05-19 14:58:57
LSSP5,UGS,A1825,SECTION 4,87.85,CLUSTER 1,87.17,,,2026-05-19 14:58:57
LSSP6,UGS,A1825,SECTION 4,87.85,CLUSTER 1,71.93,,,2026-05-19 14:58:57
LAL131B,UGS,A1825,SECTION 3,70.1,CLUSTER 1,71.32,,,2026-05-19 14:58:57
LAH131B,UGS,A1825,SECTION 3,70.1,CLUSTER 1,71.32,,,2026-05-19 14:58:57
V101,UGS,A1825,SECTION 3,84.77,UNKNOWN,50.67,,,2026-05-19 14:58:57
V111,UGS,A1825,SECTION 3,83.21,UNKNOWN,53.81,,,2026-05-19 14:58:57
V112,UGS,A1825,SECTION 3,83.21,UNKNOWN,53.81,,,2026-05-19 14:58:57
V113,UGS,A1825,SECTION 3,83.21,UNKNOWN,53.81,,,2026-05-19 14:58:57
V114,UGS,A1825,SECTION 3,83.21,UNKNOWN,53.81,,,2026-05-19 14:58:57
V115,UGS,A1825,SECTION 3,83.21,UNKNOWN,53.81,,,2026-05-19 14:58:57
V1201A,UGS,A1825,SECTION 1,86.89,CLUSTER 9,75.14,,,2026-05-19 14:58:57
V1201B,UGS,A1825,SECTION 1,89.83,CLUSTER 9,75.14,,,2026-05-19 14:58:57
V1201C,UGS,A1825,SECTION 1,91.07,CLUSTER 9,73.09,,,2026-05-19 14:58:57
V1201D,UGS,A1825,SECTION 1,90.82,CLUSTER 9,75.0,,,2026-05-19 14:58:57
V1201E,UGS,A1825,SECTION 1,91.07,CLUSTER 9,73.27,,,2026-05-19 14:58:57
V1201F,UGS,A1825,SECTION 1,91.07,CLUSTER 9,73.27,,,2026-05-19 14:58:57
V1201G,UGS,A1825,SECTION 1,91.07,CLUSTER 9,73.09,,,2026-05-19 14:58:57
V1201H,UGS,A1825,SECTION 1,91.07,CLUSTER 9,73.09,,,2026-05-19 14:58:57
V1201I,UGS,A1825,SECTION 1,91.07,CLUSTER 9,73.09,,,2026-05-19 14:58:57
V1202A,UGS,A1825,SECTION 1,86.89,CLUSTER 9,67.45,,,2026-05-19 14:58:57
V1202B,UGS,A1825,SECTION 1,89.83,CLUSTER 9,67.44,,,2026-05-19 14:58:57
V1202C,UGS,A1825,SECTION 1,91.07,CLUSTER 9,64.62,,,2026-05-19 14:58:57
V1202D,UGS,A1825,SECTION 1,90.82,CLUSTER 9,67.31,,,2026-05-19 14:58:57
V1202E,UGS,A1825,SECTION 1,91.07,CLUSTER 9,64.93,,,2026-05-19 14:58:57
V1202F,UGS,A1825,SECTION 1,91.07,CLUSTER 9,64.93,,,2026-05-19 14:58:57
V1202G,UGS,A1825,SECTION 1,91.07,CLUSTER 9,64.62,,,2026-05-19 14:58:57
V1202H,UGS,A1825,SECTION 1,91.07,CLUSTER 9,64.62,,,2026-05-19 14:58:57
V1202I,UGS,A1825,SECTION 1,91.07,CLUSTER 9,64.62,,,2026-05-19 14:58:57
V1203A,UGS,A1825,SECTION 1,86.89,CLUSTER 9,60.24,,,2026-05-19 14:58:57
V1203B,UGS,A1825,SECTION 1,89.83,CLUSTER 9,60.23,,,2026-05-19 14:58:57
V1203C,UGS,A1825,SECTION 1,91.07,UNKNOWN,57.51,,,2026-05-19 14:58:57
V1203D,UGS,A1825,SECTION 1,90.82,CLUSTER 9,60.06,,,2026-05-19 14:58:57
V1203E,UGS,A1825,SECTION 1,91.07,UNKNOWN,57.77,,,2026-05-19 14:58:57
V1203F,UGS,A1825,SECTION 1,91.07,UNKNOWN,57.77,,,2026-05-19 14:58:57
V1203G,UGS,A1825,SECTION 1,91.07,UNKNOWN,57.51,,,2026-05-19 14:58:57
V1203H,UGS,A1825,SECTION 1,91.07,UNKNOWN,57.51,,,2026-05-19 14:58:57
V1203I,UGS,A1825,SECTION 1,91.07,UNKNOWN,57.51,,,2026-05-19 14:58:57
V1204A,UGS,A1825,SECTION 1,86.89,CLUSTER 9,60.24,,,2026-05-19 14:58:57
V1204B,UGS,A1825,SECTION 1,89.83,CLUSTER 9,60.23,,,2026-05-19 14:58:57
V1204C,UGS,A1825,SECTION 1,91.07,UNKNOWN,57.51,,,2026-05-19 14:58:57
V1204D,UGS,A1825,SECTION 1,90.82,CLUSTER 9,60.06,,,2026-05-19 14:58:57
V1204E,UGS,A1825,SECTION 1,91.07,UNKNOWN,57.77,,,2026-05-19 14:58:57
V1204F,UGS,A1825,SECTION 1,91.07,UNKNOWN,57.77,,,2026-05-19 14:58:57
V1204G,UGS,A1825,SECTION 1,91.07,UNKNOWN,57.51,,,2026-05-19 14:58:57
V1204H,UGS,A1825,SECTION 1,91.07,UNKNOWN,57.51,,,2026-05-19 14:58:57
V1204I,UGS,A1825,SECTION 1,91.07,UNKNOWN,57.51,,,2026-05-19 14:58:57
V1205A,UGS,A1825,SECTION 1,86.89,CLUSTER 9,60.24,,,2026-05-19 14:58:57
V1205B,UGS,A1825,SECTION 1,89.83,CLUSTER 9,60.23,,,2026-05-19 14:58:57
V1205C,UGS,A1825,SECTION 1,91.07,UNKNOWN,57.51,,,2026-05-19 14:58:57
V1205D,UGS,A1825,SECTION 1,90.82,CLUSTER 9,60.06,,,2026-05-19 14:58:57
V1205E,UGS,A1825,SECTION 1,91.07,UNKNOWN,57.77,,,2026-05-19 14:58:57
V1205F,UGS,A1825,SECTION 1,91.07,UNKNOWN,57.77,,,2026-05-19 14:58:57
V1205G,UGS,A1825,SECTION 1,91.07,UNKNOWN,57.51,,,2026-05-19 14:58:57
V1205H,UGS,A1825,SECTION 1,91.07,UNKNOWN,57.51,,,2026-05-19 14:58:57
V1205I,UGS,A1825,SECTION 1,91.07,UNKNOWN,57.51,,,2026-05-19 14:58:57
V1206A,UGS,A1825,SECTION 1,86.89,CLUSTER 9,60.24,,,2026-05-19 14:58:57
V1206B,UGS,A1825,SECTION 1,89.83,CLUSTER 9,60.23,,,2026-05-19 14:58:57
V1206C,UGS,A1825,SECTION 1,91.07,UNKNOWN,57.51,,,2026-05-19 14:58:57
V1206D,UGS,A1825,SECTION 1,90.82,CLUSTER 9,60.06,,,2026-05-19 14:58:57
V1206E,UGS,A1825,SECTION 1,91.07,UNKNOWN,57.77,,,2026-05-19 14:58:57
V1206F,UGS,A1825,SECTION 1,91.07,UNKNOWN,57.77,,,2026-05-19 14:58:57
V1206G,UGS,A1825,SECTION 1,91.07,UNKNOWN,57.51,,,2026-05-19 14:58:57
V1206H,UGS,A1825,SECTION 1,91.07,UNKNOWN,57.51,,,2026-05-19 14:58:57
V1206I,UGS,A1825,SECTION 1,91.07,UNKNOWN,57.51,,,2026-05-19 14:58:57
V1207A,UGS,A1825,SECTION 1,86.89,CLUSTER 9,60.24,,,2026-05-19 14:58:57
V1207B,UGS,A1825,SECTION 1,89.83,CLUSTER 9,60.23,,,2026-05-19 14:58:57
V1207C,UGS,A1825,SECTION 1,91.07,UNKNOWN,57.51,,,2026-05-19 14:58:57
V1207D,UGS,A1825,SECTION 1,90.82,CLUSTER 9,60.06,,,2026-05-19 14:58:57
V1207E,UGS,A1825,SECTION 1,91.07,UNKNOWN,57.77,,,2026-05-19 14:58:57
V1207F,UGS,A1825,SECTION 1,91.07,UNKNOWN,57.77,,,2026-05-19 14:58:57
V1207G,UGS,A1825,SECTION 1,91.07,UNKNOWN,57.51,,,2026-05-19 14:58:57
V1207H,UGS,A1825,SECTION 1,91.07,UNKNOWN,57.51,,,2026-05-19 14:58:57
V1207I,UGS,A1825,SECTION 1,91.07,UNKNOWN,57.51,,,2026-05-19 14:58:57
V1208A,UGS,A1825,SECTION 1,86.89,CLUSTER 9,60.24,,,2026-05-19 14:58:57
V1208B,UGS,A1825,SECTION 1,89.83,CLUSTER 9,60.23,,,2026-05-19 14:58:57
V1208C,UGS,A1825,SECTION 1,91.07,UNKNOWN,57.51,,,2026-05-19 14:58:57
V1208D,UGS,A1825,SECTION 1,90.82,CLUSTER 9,60.06,,,2026-05-19 14:58:57
V1208E,UGS,A1825,SECTION 1,91.07,UNKNOWN,57.77,,,2026-05-19 14:58:57
V1208F,UGS,A1825,SECTION 1,91.07,UNKNOWN,57.77,,,2026-05-19 14:58:57
V1208G,UGS,A1825,SECTION 1,91.07,UNKNOWN,57.51,,,2026-05-19 14:58:57
V1208H,UGS,A1825,SECTION 1,91.07,UNKNOWN,57.51,,,2026-05-19 14:58:57
V1208I,UGS,A1825,SECTION 1,91.07,UNKNOWN,57.51,,,2026-05-19 14:58:57
V1209A,UGS,A1825,SECTION 1,86.89,CLUSTER 9,60.24,,,2026-05-19 14:58:57
V1209B,UGS,A1825,SECTION 1,89.83,CLUSTER 9,60.23,,,2026-05-19 14:58:57
V1209C,UGS,A1825,SECTION 1,91.07,UNKNOWN,57.51,,,2026-05-19 14:58:57
V1209D,UGS,A1825,SECTION 1,90.82,CLUSTER 9,60.06,,,2026-05-19 14:58:57
V1209E,UGS,A1825,SECTION 1,91.07,UNKNOWN,57.77,,,2026-05-19 14:58:57
V1209F,UGS,A1825,SECTION 1,91.07,UNKNOWN,57.77,,,2026-05-19 14:58:57
V1209G,UGS,A1825,SECTION 1,91.07,UNKNOWN,57.51,,,2026-05-19 14:58:57
V1209H,UGS,A1825,SECTION 1,91.07,UNKNOWN,57.51,,,2026-05-19 14:58:57
V1209I,UGS,A1825,SECTION 1,91.07,UNKNOWN,57.51,,,2026-05-19 14:58:57
V1210A,UGS,A1825,SECTION 1,86.89,CLUSTER 9,60.24,,,2026-05-19 14:58:57
V1210B,UGS,A1825,SECTION 1,89.83,CLUSTER 9,60.23,,,2026-05-19 14:58:57
V1210C,UGS,A1825,SECTION 1,91.07,UNKNOWN,57.51,,,2026-05-19 14:58:57
V1210D,UGS,A1825,SECTION 1,90.82,CLUSTER 9,60.06,,,2026-05-19 14:58:57
V1210E,UGS,A1825,SECTION 1,91.07,UNKNOWN,57.77,,,2026-05-19 14:58:57
V1210F,UGS,A1825,SECTION 1,91.07,UNKNOWN,57.77,,,2026-05-19 14:58:57
V1210G,UGS,A1825,SECTION 1,91.07,UNKNOWN,57.51,,,2026-05-19 14:58:57
V1210H,UGS,A1825,SECTION 1,91.07,UNKNOWN,57.51,,,2026-05-19 14:58:57
V1210I,UGS,A1825,SECTION 1,91.07,UNKNOWN,57.51,,,2026-05-19 14:58:57
V1211A,UGS,A1825,SECTION 1,86.89,CLUSTER 9,60.24,,,2026-05-19 14:58:57
V1211B,UGS,A1825,SECTION 1,89.83,CLUSTER 9,60.23,,,2026-05-19 14:58:57
V1211C,UGS,A1825,SECTION 1,91.07,UNKNOWN,57.51,,,2026-05-19 14:58:57
V1211D,UGS,A1825,SECTION 1,90.82,CLUSTER 9,60.06,,,2026-05-19 14:58:57
V1211E,UGS,A1825,SECTION 1,91.07,UNKNOWN,57.77,,,2026-05-19 14:58:57
V1211F,UGS,A1825,SECTION 1,91.07,UNKNOWN,57.77,,,2026-05-19 14:58:57
V1211G,UGS,A1825,SECTION 1,91.07,UNKNOWN,57.51,,,2026-05-19 14:58:57
V1211H,UGS,A1825,SECTION 1,91.07,UNKNOWN,57.51,,,2026-05-19 14:58:57
V1211I,UGS,A1825,SECTION 1,91.07,UNKNOWN,57.51,,,2026-05-19 14:58:57
V1212A,UGS,A1825,SECTION 1,86.89,CLUSTER 9,60.24,,,2026-05-19 14:58:57
V1212B,UGS,A1825,SECTION 1,89.83,CLUSTER 9,60.23,,,2026-05-19 14:58:57
V1212C,UGS,A1825,SECTION 1,91.07,UNKNOWN,57.51,,,2026-05-19 14:58:57
V1212D,UGS,A1825,SECTION 1,90.82,CLUSTER 9,60.06,,,2026-05-19 14:58:57
V1212E,UGS,A1825,SECTION 1,91.07,UNKNOWN,57.77,,,2026-05-19 14:58:57
V1212F,UGS,A1825,SECTION 1,91.07,UNKNOWN,57.77,,,2026-05-19 14:58:57
V1212G,UGS,A1825,SECTION 1,91.07,UNKNOWN,57.51,,,2026-05-19 14:58:57
V1212H,UGS,A1825,SECTION 1,91.07,UNKNOWN,57.51,,,2026-05-19 14:58:57
V1212I,UGS,A1825,SECTION 1,91.07,UNKNOWN,57.51,,,2026-05-19 14:58:57
V160,UGS,A1825,SECTION 3,83.21,UNKNOWN,53.81,,,2026-05-19 14:58:57
V162,UGS,A1825,SECTION 3,83.21,UNKNOWN,53.81,,,2026-05-19 14:58:57
V243,UGS,A1825,SECTION 3,74.49,UNKNOWN,40.85,,,2026-05-19 14:58:57
V251,UGS,A1825,SECTION 3,74.49,UNKNOWN,40.85,,,2026-05-19 14:58:57
V261,UGS,A1825,SECTION 3,74.49,UNKNOWN,40.85,,,2026-05-19 14:58:57
V262,UGS,A1825,SECTION 3,74.49,UNKNOWN,40.85,,,2026-05-19 14:58:57
V263,UGS,A1825,SECTION 3,74.49,UNKNOWN,40.85,,,2026-05-19 14:58:57
V264,UGS,A1825,SECTION 3,74.49,UNKNOWN,40.85,,,2026-05-19 14:58:57
TV241A,UGS,A1825,SECTION 3,65.4,CLUSTER 1,69.67,,,2026-05-19 14:58:57
TV241B,UGS,A1825,SECTION 3,64.3,CLUSTER 1,69.74,,,2026-05-19 14:58:57
Y1A,UGS,A1825,SECTION 2,90.72,CLUSTER 1,96.31,,,2026-05-19 14:58:57
Y2A,UGS,A1825,SECTION 2,90.72,CLUSTER 1,93.01,,,2026-05-19 14:58:57
Y3A,UGS,A1825,SECTION 2,90.72,CLUSTER 1,79.36,,,2026-05-19 14:58:57
Y5A,UGS,A1825,SECTION 2,90.72,CLUSTER 1,85.8,,,2026-05-19 14:58:57
Y6A,UGS,A1825,SECTION 2,90.72,CLUSTER 4,62.77,,,2026-05-19 14:58:57
Y7A,UGS,A1825,SECTION 2,90.72,CLUSTER 1,89.86,,,2026-05-19 14:58:57
Y8A,UGS,A1825,SECTION 2,90.72,CLUSTER 1,89.9,,,2026-05-19 14:58:57
Y9A,UGS,A1825,SECTION 2,90.72,CLUSTER 1,89.66,,,2026-05-19 14:58:57
Y10A,UGS,A1825,SECTION 2,91.68,UNKNOWN,58.95,,,2026-05-19 14:58:57
Y11A,UGS,A1825,SECTION 2,91.68,UNKNOWN,57.2,,,2026-05-19 14:58:57
Y12A,UGS,A1825,SECTION 2,91.88,CLUSTER 1,95.78,,,2026-05-19 14:58:57
Y13A,UGS,A1825,SECTION 2,91.88,CLUSTER 1,95.78,,,2026-05-19 14:58:57
Y20A,UGS,A1825,SECTION 2,91.88,CLUSTER 1,95.78,,,2026-05-19 14:58:57
Y21A,UGS,A1825,SECTION 2,97.76,CLUSTER 1,97.27,,,2026-05-19 14:58:57
Y1B,UGS,A1825,SECTION 2,90.74,CLUSTER 1,96.69,,,2026-05-19 14:58:57
Y2B,UGS,A1825,SECTION 2,90.74,CLUSTER 1,93.54,,,2026-05-19 14:58:57
Y3B,UGS,A1825,SECTION 2,90.74,CLUSTER 1,81.58,,,2026-05-19 14:58:57
Y5B,UGS,A1825,SECTION 2,90.74,CLUSTER 1,86.59,,,2026-05-19 14:58:57
Y6B,UGS,A1825,SECTION 2,90.74,CLUSTER 4,61.66,,,2026-05-19 14:58:57
Y7B,UGS,A1825,SECTION 2,90.74,CLUSTER 1,90.79,,,2026-05-19 14:58:57
Y8B,UGS,A1825,SECTION 2,90.74,CLUSTER 1,90.37,,,2026-05-19 14:58:57
Y9B,UGS,A1825,SECTION 2,90.74,CLUSTER 1,90.57,,,2026-05-19 14:58:57
Y10B,UGS,A1825,SECTION 2,91.68,UNKNOWN,59.68,,,2026-05-19 14:58:57
Y11B,UGS,A1825,SECTION 2,91.68,UNKNOWN,56.89,,,2026-05-19 14:58:57
Y12B,UGS,A1825,SECTION 2,91.88,CLUSTER 1,96.16,,,2026-05-19 14:58:57
Y13B,UGS,A1825,SECTION 2,91.88,CLUSTER 1,96.16,,,2026-05-19 14:58:57
Y20B,UGS,A1825,SECTION 2,91.88,CLUSTER 1,96.16,,,2026-05-19 14:58:57
Y21B,UGS,A1825,SECTION 2,97.68,CLUSTER 1,97.54,,,2026-05-19 14:58:57
D6,UGS,A1825,SECTION 4,90.26,CLUSTER 1,65.1,,,2026-05-19 14:58:57
D7,UGS,A1825,SECTION 4,90.26,CLUSTER 1,81.22,,,2026-05-19 14:58:57
D8,UGS,A1825,SECTION 4,90.26,CLUSTER 1,70.96,,,2026-05-19 14:58:57
W4,UGS,A1825,SECTION 4,90.26,CLUSTER 1,64.97,,,2026-05-19 14:58:57
W5,UGS,A1825,SECTION 4,90.26,CLUSTER 1,78.98,,,2026-05-19 14:58:57
SPV6,UGS,A1825,SECTION 4,90.26,CLUSTER 1,65.1,,,2026-05-19 14:58:57
SPV7,UGS,A1825,SECTION 4,90.26,CLUSTER 1,81.22,,,2026-05-19 14:58:57
SPV8,UGS,A1825,SECTION 4,90.26,CLUSTER 1,70.96,,,2026-05-19 14:58:57
CR1201,UGS,A1825,SECTION 1,99.81,CLUSTER 9,76.9,,,2026-05-19 14:59:52
CR1202,UGS,A1825,SECTION 1,99.81,CLUSTER 9,68.1,,,2026-05-19 14:59:52
CR1203,UGS,A1825,SECTION 1,99.81,CLUSTER 9,62.08,,,2026-05-19 14:59:52
CR1204,UGS,A1825,SECTION 1,99.81,CLUSTER 9,62.08,,,2026-05-19 14:59:52
CR1205,UGS,A1825,SECTION 1,99.81,CLUSTER 9,62.08,,,2026-05-19 14:59:52
CR1206,UGS,A1825,SECTION 1,99.81,CLUSTER 9,62.08,,,2026-05-19 14:59:52
CR1207,UGS,A1825,SECTION 1,99.81,CLUSTER 9,62.08,,,2026-05-19 14:59:52
CR1208,UGS,A1825,SECTION 1,99.81,CLUSTER 9,62.08,,,2026-05-19 14:59:52
CR1209,UGS,A1825,SECTION 1,99.81,CLUSTER 9,62.08,,,2026-05-19 14:59:52
CR1210,UGS,A1825,SECTION 1,99.81,CLUSTER 9,62.08,,,2026-05-19 14:59:52
CR1211,UGS,A1825,SECTION 1,99.81,CLUSTER 9,62.08,,,2026-05-19 14:59:52
CR1212,UGS,A1825,SECTION 1,99.81,CLUSTER 9,62.08,,,2026-05-19 14:59:52
PU1201,UGS,A1825,SECTION 1,99.81,CLUSTER 9,76.9,,,2026-05-19 14:59:52
PU1202,UGS,A1825,SECTION 1,99.81,CLUSTER 9,68.1,,,2026-05-19 14:59:52
PU1203,UGS,A1825,SECTION 1,99.81,CLUSTER 9,62.08,,,2026-05-19 14:59:52
PU1204,UGS,A1825,SECTION 1,99.81,CLUSTER 9,62.08,,,2026-05-19 14:59:52
PU1205,UGS,A1825,SECTION 1,99.81,CLUSTER 9,62.08,,,2026-05-19 14:59:52
PU1206,UGS,A1825,SECTION 1,99.81,CLUSTER 9,62.08,,,2026-05-19 14:59:52
PU1207,UGS,A1825,SECTION 1,99.81,CLUSTER 9,62.08,,,2026-05-19 14:59:52
PU1208,UGS,A1825,SECTION 1,99.81,CLUSTER 9,62.08,,,2026-05-19 14:59:52
PU1209,UGS,A1825,SECTION 1,99.81,CLUSTER 9,62.08,,,2026-05-19 14:59:52
PU1210,UGS,A1825,SECTION 1,99.81,CLUSTER 9,62.08,,,2026-05-19 14:59:52
PU1211,UGS,A1825,SECTION 1,99.81,CLUSTER 9,62.08,,,2026-05-19 14:59:52
PU1212,UGS,A1825,SECTION 1,99.81,CLUSTER 9,62.08,,,2026-05-19 14:59:52
PU101A,UGS,A1825,SECTION 3,69.95,CLUSTER 1,78.82,,,2026-05-19 14:59:52
PU101B,UGS,A1825,SECTION 3,69.16,CLUSTER 1,78.59,,,2026-05-19 14:59:52
PU111,UGS,A1825,SECTION 3,82.89,CLUSTER 1,65.04,,,2026-05-19 14:59:52
PU161,UGS,A1825,SECTION 3,82.89,CLUSTER 1,65.04,,,2026-05-19 14:59:52
PU221A,UGS,A1825,SECTION 3,65.4,CLUSTER 1,69.67,,,2026-05-19 14:59:52
PU221B,UGS,A1825,SECTION 3,64.3,CLUSTER 1,69.74,,,2026-05-19 14:59:52
PU231,UGS,A1825,SECTION 3,74.19,UNKNOWN,46.11,,,2026-05-19 14:59:52
PU241A,UGS,A1825,SECTION 3,65.4,CLUSTER 1,69.67,,,2026-05-19 14:59:52
PU241B,UGS,A1825,SECTION 3,64.3,CLUSTER 1,69.74,,,2026-05-19 14:59:52
PU251,UGS,A1825,SECTION 3,74.19,UNKNOWN,46.11,,,2026-05-19 14:59:52
PU162,UGS,A1825,SECTION 3,82.89,CLUSTER 1,65.04,,,2026-05-19 14:59:52
PU131,UGS,A1825,SECTION 3,82.89,CLUSTER 1,65.04,,,2026-05-19 14:59:52
PU131B,UGS,A1825,SECTION 3,68.65,CLUSTER 1,65.48,,,2026-05-19 14:59:52
PU132A,UGS,A1825,SECTION 3,69.49,CLUSTER 1,65.64,,,2026-05-19 14:59:52
PU132B,UGS,A1825,SECTION 3,68.65,CLUSTER 1,65.48,,,2026-05-19 14:59:52
PU141A,UGS,A1825,SECTION 3,69.49,CLUSTER 1,65.64,,,2026-05-19 14:59:52
PU141B,UGS,A1825,SECTION 3,68.65,CLUSTER 1,65.48,,,2026-05-19 14:59:52
PU151,UGS,A1825,SECTION 3,82.89,CLUSTER 1,65.04,,,2026-05-19 14:59:52
PU151B,UGS,A1825,SECTION 3,68.65,CLUSTER 1,65.48,,,2026-05-19 14:59:52
CU131A,UGS,A1825,SECTION 3,69.49,CLUSTER 1,65.64,,,2026-05-19 14:59:52
CU131B,UGS,A1825,SECTION 3,68.65,CLUSTER 1,65.48,,,2026-05-19 14:59:52
CT151F1,UGS,A1825,UNKNOWN,55.12,UNKNOWN,33.64,,,2026-05-19 14:59:52
CT151F2,UGS,A1825,UNKNOWN,54.63,UNKNOWN,41.39,,,2026-05-19 14:59:52
CT141AF1,UGS,A1825,SECTION 2,79.39,CLUSTER 5,75.91,,,2026-05-19 14:59:52
CT141AF2,UGS,A1825,SECTION 2,80.44,CLUSTER 5,69.9,,,2026-05-19 14:59:52
CT141BF1,UGS,A1825,SECTION 2,79.39,CLUSTER 5,75.91,,,2026-05-19 14:59:52
CT141BF2,UGS,A1825,SECTION 2,80.44,CLUSTER 5,69.9,,,2026-05-19 14:59:52
CU131CSP,UGS,A1825,SECTION 2,85.36,UNKNOWN,50.96,,,2026-05-19 14:59:52
CT141CF1SP,UGS,A1825,SECTION 2,79.84,UNKNOWN,59.72,,,2026-05-19 14:59:52
CT141CF2SP,UGS,A1825,SECTION 2,79.84,UNKNOWN,59.72,,,2026-05-19 14:59:52
SPPU1,UGS,A1825,SECTION 4,87.6,CLUSTER 1,96.81,,,2026-05-19 14:59:52
SPPU2,UGS,A1825,SECTION 4,87.85,CLUSTER 1,89.52,,,2026-05-19 14:59:52
SPPU3,UGS,A1825,SECTION 4,87.85,CLUSTER 1,88.17,,,2026-05-19 14:59:52
SPPU4,UGS,A1825,SECTION 4,87.85,CLUSTER 1,72.0,,,2026-05-19 14:59:52
PU211,UGS,A1825,SECTION 3,76.97,UNKNOWN,46.96,,,2026-05-19 14:59:52
HM211A,UGS,A1825,SECTION 3,66.13,CLUSTER 1,61.91,,,2026-05-19 14:59:52
HM211B,UGS,A1825,SECTION 3,65.11,CLUSTER 1,61.96,,,2026-05-19 14:59:52
PU261,UGS,A1825,SECTION 3,74.19,UNKNOWN,46.11,,,2026-05-19 14:59:52
FN261,UGS,A1825,SECTION 3,74.19,UNKNOWN,46.11,,,2026-05-19 14:59:52
FT100,UGS,A1825,SECTION 3,88.93,CLUSTER 1,74.83,,,2026-05-19 14:59:52
FT221,UGS,A1825,SECTION 3,74.19,UNKNOWN,46.11,,,2026-05-19 14:59:52
FT221B,UGS,A1825,SECTION 3,64.3,CLUSTER 1,69.74,,,2026-05-19 14:59:52
FT223,UGS,A1825,SECTION 3,74.19,UNKNOWN,46.11,,,2026-05-19 14:59:52
FT111,UGS,A1825,SECTION 3,82.89,CLUSTER 1,65.04,,,2026-05-19 14:59:52
FTSP1,UGS,A1825,SECTION 4,87.6,CLUSTER 1,96.81,,,2026-05-19 14:59:52
FTSP2,UGS,A1825,SECTION 4,87.85,CLUSTER 1,89.52,,,2026-05-19 14:59:52
TE101,UGS,A1825,SECTION 3,84.43,CLUSTER 1,79.51,,,2026-05-19 14:59:52
TE111,UGS,A1825,SECTION 3,82.89,CLUSTER 1,65.04,,,2026-05-19 14:59:52
TE1201A,UGS,A1825,SECTION 1,79.61,CLUSTER 9,80.31,,,2026-05-19 14:59:52
TE1202A,UGS,A1825,SECTION 1,79.61,CLUSTER 9,80.8,,,2026-05-19 14:59:52
TE1203A,UGS,A1825,SECTION 1,79.61,CLUSTER 9,74.67,,,2026-05-19 14:59:52
TE1204A,UGS,A1825,SECTION 1,79.61,CLUSTER 9,74.67,,,2026-05-19 14:59:52
TE1205A,UGS,A1825,SECTION 1,79.61,CLUSTER 9,74.67,,,2026-05-19 14:59:52
TE1206A,UGS,A1825,SECTION 1,79.61,CLUSTER 9,74.67,,,2026-05-19 14:59:52
TE1207A,UGS,A1825,SECTION 1,79.61,CLUSTER 9,74.67,,,2026-05-19 14:59:52
TE1208A,UGS,A1825,SECTION 1,79.61,CLUSTER 9,74.67,,,2026-05-19 14:59:52
TE1209A,UGS,A1825,SECTION 1,79.61,CLUSTER 9,74.67,,,2026-05-19 14:59:52
TE1210A,UGS,A1825,SECTION 1,79.61,CLUSTER 9,74.67,,,2026-05-19 14:59:52
TE1211A,UGS,A1825,SECTION 1,79.61,CLUSTER 9,74.67,,,2026-05-19 14:59:52
TE1212A,UGS,A1825,SECTION 1,79.61,CLUSTER 9,74.67,,,2026-05-19 14:59:52
TE1201B,UGS,A1825,SECTION 1,81.63,CLUSTER 9,80.29,,,2026-05-19 14:59:52
TE1202B,UGS,A1825,SECTION 1,81.63,CLUSTER 9,80.79,,,2026-05-19 14:59:52
TE1203B,UGS,A1825,SECTION 1,81.63,CLUSTER 9,74.65,,,2026-05-19 14:59:52
TE1204B,UGS,A1825,SECTION 1,81.63,CLUSTER 9,74.65,,,2026-05-19 14:59:52
TE1205B,UGS,A1825,SECTION 1,81.63,CLUSTER 9,74.65,,,2026-05-19 14:59:52
TE1206B,UGS,A1825,SECTION 1,81.63,CLUSTER 9,74.65,,,2026-05-19 14:59:52
TE1207B,UGS,A1825,SECTION 1,81.63,CLUSTER 9,74.65,,,2026-05-19 14:59:52
TE1208B,UGS,A1825,SECTION 1,81.63,CLUSTER 9,74.65,,,2026-05-19 14:59:52
TE1209B,UGS,A1825,SECTION 1,81.63,CLUSTER 9,74.65,,,2026-05-19 14:59:52
TE1210B,UGS,A1825,SECTION 1,81.63,CLUSTER 9,74.65,,,2026-05-19 14:59:52
TE1211B,UGS,A1825,SECTION 1,81.63,CLUSTER 9,74.65,,,2026-05-19 14:59:52
TE1212B,UGS,A1825,SECTION 1,81.63,CLUSTER 9,74.65,,,2026-05-19 14:59:52
LT1201,UGS,A1825,SECTION 1,99.81,CLUSTER 9,76.9,,,2026-05-19 14:59:52
LT1202,UGS,A1825,SECTION 1,99.81,CLUSTER 9,68.1,,,2026-05-19 14:59:52
LT1203,UGS,A1825,SECTION 1,99.81,CLUSTER 9,62.08,,,2026-05-19 14:59:52
LT1204,UGS,A1825,SECTION 1,99.81,CLUSTER 9,62.08,,,2026-05-19 14:59:52
LT1205,UGS,A1825,SECTION 1,99.81,CLUSTER 9,62.08,,,2026-05-19 14:59:52
LT1206,UGS,A1825,SECTION 1,99.81,CLUSTER 9,62.08,,,2026-05-19 14:59:52
LT1207,UGS,A1825,SECTION 1,99.81,CLUSTER 9,62.08,,,2026-05-19 14:59:52
LT1208,UGS,A1825,SECTION 1,99.81,CLUSTER 9,62.08,,,2026-05-19 14:59:52
LT1209,UGS,A1825,SECTION 1,99.81,CLUSTER 9,62.08,,,2026-05-19 14:59:52
LT1210,UGS,A1825,SECTION 1,99.81,CLUSTER 9,62.08,,,2026-05-19 14:59:52
LT1211,UGS,A1825,SECTION 1,99.81,CLUSTER 9,62.08,,,2026-05-19 14:59:52
LT1212,UGS,A1825,SECTION 1,99.81,CLUSTER 9,62.08,,,2026-05-19 14:59:52
SIC1201,UGS,A1825,SECTION 1,99.8,CLUSTER 9,85.24,,,2026-05-19 14:59:52
SIC1202,UGS,A1825,SECTION 1,99.8,CLUSTER 9,85.38,,,2026-05-19 14:59:52
SIC1203,UGS,A1825,SECTION 1,99.8,CLUSTER 9,80.64,,,2026-05-19 14:59:52
SIC1204,UGS,A1825,SECTION 1,99.8,CLUSTER 9,80.64,,,2026-05-19 14:59:52
SIC1205,UGS,A1825,SECTION 1,99.8,CLUSTER 9,80.64,,,2026-05-19 14:59:52
SIC1206,UGS,A1825,SECTION 1,99.8,CLUSTER 9,80.64,,,2026-05-19 14:59:52
SIC1207,UGS,A1825,SECTION 1,99.8,CLUSTER 9,80.64,,,2026-05-19 14:59:52
SIC1208,UGS,A1825,SECTION 1,99.8,CLUSTER 9,80.64,,,2026-05-19 14:59:52
SIC1209,UGS,A1825,SECTION 1,99.8,CLUSTER 9,80.64,,,2026-05-19 14:59:52
SIC1210,UGS,A1825,SECTION 1,99.8,CLUSTER 9,80.64,,,2026-05-19 14:59:52
SIC1211,UGS,A1825,SECTION 1,99.8,CLUSTER 9,80.64,,,2026-05-19 14:59:52
SIC1212,UGS,A1825,SECTION 1,99.8,CLUSTER 9,80.64,,,2026-05-19 14:59:52
CR1201SPD,UGS,A1825,UNKNOWN,49.38,CLUSTER 9,74.94,,,2026-05-19 14:59:52
CR1202SPD,UGS,A1825,UNKNOWN,49.38,CLUSTER 9,73.34,,,2026-05-19 14:59:52
CR1203SPD,UGS,A1825,UNKNOWN,49.38,CLUSTER 9,68.07,,,2026-05-19 14:59:52
CR1204SPD,UGS,A1825,UNKNOWN,49.38,CLUSTER 9,68.07,,,2026-05-19 14:59:52
CR1205SPD,UGS,A1825,UNKNOWN,49.38,CLUSTER 9,68.07,,,2026-05-19 14:59:52
CR1206SPD,UGS,A1825,UNKNOWN,49.38,CLUSTER 9,68.07,,,2026-05-19 14:59:52
CR1207SPD,UGS,A1825,UNKNOWN,49.38,CLUSTER 9,68.07,,,2026-05-19 14:59:52
CR1208SPD,UGS,A1825,UNKNOWN,49.38,CLUSTER 9,68.07,,,2026-05-19 14:59:52
CR1209SPD,UGS,A1825,UNKNOWN,49.38,CLUSTER 9,68.07,,,2026-05-19 14:59:52
CR1210SPD,UGS,A1825,UNKNOWN,49.38,CLUSTER 9,68.07,,,2026-05-19 14:59:52
CR1211SPD,UGS,A1825,UNKNOWN,49.38,CLUSTER 9,68.07,,,2026-05-19 14:59:52
CR1212SPD,UGS,A1825,UNKNOWN,49.38,CLUSTER 9,68.07,,,2026-05-19 14:59:52
TE1201C,UGS,A1825,SECTION 1,83.77,CLUSTER 9,78.84,,,2026-05-19 14:59:52
TE1202C,UGS,A1825,SECTION 1,83.77,CLUSTER 9,79.07,,,2026-05-19 14:59:52
TE1203C,UGS,A1825,SECTION 1,83.77,CLUSTER 9,72.89,,,2026-05-19 14:59:52
TE1204C,UGS,A1825,SECTION 1,83.77,CLUSTER 9,72.89,,,2026-05-19 14:59:52
TE1205C,UGS,A1825,SECTION 1,83.77,CLUSTER 9,72.89,,,2026-05-19 14:59:52
TE1206C,UGS,A1825,SECTION 1,83.77,CLUSTER 9,72.89,,,2026-05-19 14:59:52
TE1207C,UGS,A1825,SECTION 1,83.77,CLUSTER 9,72.89,,,2026-05-19 14:59:52
TE1208C,UGS,A1825,SECTION 1,83.77,CLUSTER 9,72.89,,,2026-05-19 14:59:52
TE1209C,UGS,A1825,SECTION 1,83.77,CLUSTER 9,72.89,,,2026-05-19 14:59:52
TE1210C,UGS,A1825,SECTION 1,83.77,CLUSTER 9,72.89,,,2026-05-19 14:59:52
TE1211C,UGS,A1825,SECTION 1,83.77,CLUSTER 9,72.89,,,2026-05-19 14:59:52
TE1212C,UGS,A1825,SECTION 1,83.77,CLUSTER 9,72.89,,,2026-05-19 14:59:52
TE161,UGS,A1825,SECTION 3,82.89,CLUSTER 1,65.04,,,2026-05-19 14:59:52
TE112,UGS,A1825,SECTION 3,82.89,CLUSTER 1,65.04,,,2026-05-19 14:59:52
PT200,UGS,A1825,SECTION 3,79.68,UNKNOWN,46.1,,,2026-05-19 14:59:52
PT201,UGS,A1825,SECTION 3,79.68,UNKNOWN,46.1,,,2026-05-19 14:59:52
PTN2,UGS,A1825,SECTION 4,90.26,CLUSTER 1,86.19,,,2026-05-19 14:59:52
LT241A,UGS,A1825,SECTION 3,65.4,CLUSTER 1,69.67,,,2026-05-19 14:59:52
LT241B,UGS,A1825,SECTION 3,64.3,CLUSTER 1,69.74,,,2026-05-19 14:59:52
LT261,UGS,A1825,SECTION 3,74.19,UNKNOWN,46.11,,,2026-05-19 14:59:52
LT221A,UGS,A1825,SECTION 3,65.4,CLUSTER 1,69.67,,,2026-05-19 14:59:52
LT221B,UGS,A1825,SECTION 3,64.3,CLUSTER 1,69.74,,,2026-05-19 14:59:52
LT231,UGS,A1825,SECTION 3,74.19,UNKNOWN,46.11,,,2026-05-19 14:59:52
LT251,UGS,A1825,SECTION 3,74.19,UNKNOWN,46.11,,,2026-05-19 14:59:52
TE221A,UGS,A1825,SECTION 3,65.4,CLUSTER 1,69.67,,,2026-05-19 14:59:52
TE221B,UGS,A1825,SECTION 3,64.3,CLUSTER 1,69.74,,,2026-05-19 14:59:52
TE231A,UGS,A1825,SECTION 3,65.4,CLUSTER 1,69.67,,,2026-05-19 14:59:52
TE251,UGS,A1825,SECTION 3,74.19,UNKNOWN,46.11,,,2026-05-19 14:59:52
TE131A,UGS,A1825,SECTION 3,69.49,CLUSTER 1,65.64,,,2026-05-19 14:59:52
TE132AA,UGS,A1825,UNKNOWN,59.08,UNKNOWN,47.79,,,2026-05-19 14:59:52
TE132AB,UGS,A1825,UNKNOWN,58.7,UNKNOWN,48.03,,,2026-05-19 14:59:52
TE132BA,UGS,A1825,UNKNOWN,59.08,UNKNOWN,47.79,,,2026-05-19 14:59:52
TE132BB,UGS,A1825,UNKNOWN,58.7,UNKNOWN,48.03,,,2026-05-19 14:59:52
TE141A,UGS,A1825,SECTION 3,69.49,CLUSTER 1,65.64,,,2026-05-19 14:59:52
TE141B,UGS,A1825,SECTION 3,68.65,CLUSTER 1,65.48,,,2026-05-19 14:59:52
TE151,UGS,A1825,SECTION 3,82.89,CLUSTER 1,65.04,,,2026-05-19 14:59:52
PT131,UGS,A1825,SECTION 3,82.89,CLUSTER 1,65.04,,,2026-05-19 14:59:52
PT151,UGS,A1825,SECTION 3,82.89,CLUSTER 1,65.04,,,2026-05-19 14:59:52
TV1201,UGS,A1825,SECTION 1,99.81,CLUSTER 9,76.9,,,2026-05-19 14:59:52
TV1202,UGS,A1825,SECTION 1,99.81,CLUSTER 9,68.1,,,2026-05-19 14:59:52
TV1203,UGS,A1825,SECTION 1,99.81,CLUSTER 9,62.08,,,2026-05-19 14:59:52
TV1204,UGS,A1825,SECTION 1,99.81,CLUSTER 9,62.08,,,2026-05-19 14:59:52
TV1205,UGS,A1825,SECTION 1,99.81,CLUSTER 9,62.08,,,2026-05-19 14:59:52
TV1206,UGS,A1825,SECTION 1,99.81,CLUSTER 9,62.08,,,2026-05-19 14:59:52
TV1207,UGS,A1825,SECTION 1,99.81,CLUSTER 9,62.08,,,2026-05-19 14:59:52
TV1208,UGS,A1825,SECTION 1,99.81,CLUSTER 9,62.08,,,2026-05-19 14:59:52
TV1209,UGS,A1825,SECTION 1,99.81,CLUSTER 9,62.08,,,2026-05-19 14:59:52
TV1210,UGS,A1825,SECTION 1,99.81,CLUSTER 9,62.08,,,2026-05-19 14:59:52
TV1211,UGS,A1825,SECTION 1,99.81,CLUSTER 9,62.08,,,2026-05-19 14:59:52
TV1212,UGS,A1825,SECTION 1,99.81,CLUSTER 9,62.08,,,2026-05-19 14:59:52
TV101,UGS,A1825,SECTION 3,84.43,CLUSTER 1,79.51,,,2026-05-19 14:59:52
TV111,UGS,A1825,SECTION 3,82.89,CLUSTER 1,65.04,,,2026-05-19 14:59:52
TV161,UGS,A1825,SECTION 3,82.89,CLUSTER 1,65.04,,,2026-05-19 14:59:52
TV112,UGS,A1825,SECTION 3,82.89,CLUSTER 1,65.04,,,2026-05-19 14:59:52
TV231,UGS,A1825,SECTION 3,74.19,UNKNOWN,46.11,,,2026-05-19 14:59:52
PT161,UGS,A1825,SECTION 3,82.89,CLUSTER 1,65.04,,,2026-05-19 14:59:52
PTSP2,UGS,A1825,SECTION 4,87.85,CLUSTER 1,89.52,,,2026-05-19 14:59:52
PTSP3,UGS,A1825,SECTION 4,87.85,CLUSTER 1,88.17,,,2026-05-19 14:59:52
PTSP4,UGS,A1825,SECTION 4,87.85,CLUSTER 1,72.0,,,2026-05-19 14:59:52
PTSP5,UGS,A1825,SECTION 4,87.85,CLUSTER 1,87.17,,,2026-05-19 14:59:52
PTSP6,UGS,A1825,SECTION 4,87.85,CLUSTER 1,71.93,,,2026-05-19 14:59:52
TE241A,UGS,A1825,SECTION 3,65.4,CLUSTER 1,69.67,,,2026-05-19 14:59:52
TE161A,UGS,A1825,SECTION 3,69.49,CLUSTER 1,65.64,,,2026-05-19 14:59:52
TE251,UGS,A1825,SECTION 3,74.19,UNKNOWN,46.11,,,2026-05-19 14:59:52
TESP4,UGS,A1825,SECTION 4,87.85,CLUSTER 1,72.0,,,2026-05-19 14:59:52
TESP5,UGS,A1825,SECTION 4,87.85,CLUSTER 1,87.17,,,2026-05-19 14:59:52
TESP6,UGS,A1825,SECTION 4,87.85,CLUSTER 1,71.93,,,2026-05-19 14:59:52
SPCV1,UGS,A1825,SECTION 4,87.6,CLUSTER 1,96.81,,,2026-05-19 14:59:52
PISH211,UGS,A1825,SECTION 3,80.97,UNKNOWN,59.7,,,2026-05-19 14:59:52
PISH261,UGS,A1825,SECTION 3,78.64,UNKNOWN,55.93,,,2026-05-19 14:59:52
TISH211,UGS,A1825,SECTION 3,80.97,UNKNOWN,59.7,,,2026-05-19 14:59:52
TISH261,UGS,A1825,SECTION 3,78.64,UNKNOWN,55.93,,,2026-05-19 14:59:52
PT212,UGS,A1825,SECTION 3,74.19,UNKNOWN,46.11,,,2026-05-19 14:59:52
PT213,UGS,A1825,SECTION 3,74.19,UNKNOWN,46.11,,,2026-05-19 14:59:52
PT211,UGS,A1825,SECTION 3,76.97,UNKNOWN,46.96,,,2026-05-19 14:59:52
PT261,UGS,A1825,SECTION 3,74.19,UNKNOWN,46.11,,,2026-05-19 14:59:52
TE241A,UGS,A1825,SECTION 3,65.4,CLUSTER 1,69.67,,,2026-05-19 14:59:52
TE241B,UGS,A1825,SECTION 3,64.3,CLUSTER 1,69.74,,,2026-05-19 14:59:52
TE261,UGS,A1825,SECTION 3,74.19,UNKNOWN,46.11,,,2026-05-19 14:59:52
SIC211,UGS,A1825,SECTION 3,80.34,UNKNOWN,57.85,,,2026-05-19 14:59:52
SIC261,UGS,A1825,SECTION 3,77.95,UNKNOWN,56.88,,,2026-05-19 14:59:52
FM100,UGS,A1825,SECTION 3,88.93,CLUSTER 1,74.83,,,2026-05-19 14:59:52
FM221,UGS,A1825,SECTION 3,74.19,UNKNOWN,46.11,,,2026-05-19 14:59:52
FM221B,UGS,A1825,SECTION 3,64.3,CLUSTER 1,69.74,,,2026-05-19 14:59:52
FM223,UGS,A1825,SECTION 3,74.19,UNKNOWN,46.11,,,2026-05-19 14:59:52
FM111,UGS,A1825,SECTION 3,82.89,CLUSTER 1,65.04,,,2026-05-19 14:59:52
FMSP1,UGS,A1825,SECTION 4,87.6,CLUSTER 1,96.81,,,2026-05-19 14:59:52
FMSP2,UGS,A1825,SECTION 4,87.85,CLUSTER 1,89.52,,,2026-05-19 14:59:52
LAHH1201,UGS,A1825,SECTION 1,99.79,CLUSTER 9,86.01,,,2026-05-19 14:59:52
LAHH1202,UGS,A1825,SECTION 1,99.79,CLUSTER 9,86.08,,,2026-05-19 14:59:52
LAHH1203,UGS,A1825,SECTION 1,99.79,CLUSTER 9,81.59,,,2026-05-19 14:59:52
LAHH1204,UGS,A1825,SECTION 1,99.79,CLUSTER 9,81.59,,,2026-05-19 14:59:52
LAHH1205,UGS,A1825,SECTION 1,99.79,CLUSTER 9,81.59,,,2026-05-19 14:59:52
LAHH1206,UGS,A1825,SECTION 1,99.79,CLUSTER 9,81.59,,,2026-05-19 14:59:52
LAHH1207,UGS,A1825,SECTION 1,99.79,CLUSTER 9,81.59,,,2026-05-19 14:59:52
LAHH1208,UGS,A1825,SECTION 1,99.79,CLUSTER 9,81.59,,,2026-05-19 14:59:52
LAHH1209,UGS,A1825,SECTION 1,99.79,CLUSTER 9,81.59,,,2026-05-19 14:59:52
LAHH1210,UGS,A1825,SECTION 1,99.79,CLUSTER 9,81.59,,,2026-05-19 14:59:52
LAHH1211,UGS,A1825,SECTION 1,99.79,CLUSTER 9,81.59,,,2026-05-19 14:59:52
LAHH1212,UGS,A1825,SECTION 1,99.79,CLUSTER 9,81.59,,,2026-05-19 14:59:52
LAHH101,UGS,A1825,SECTION 3,85.76,CLUSTER 1,66.62,,,2026-05-19 14:59:52
LAL161,UGS,A1825,SECTION 3,83.84,CLUSTER 3,66.19,,,2026-05-19 14:59:52
LAH161,UGS,A1825,SECTION 3,83.84,CLUSTER 3,66.19,,,2026-05-19 14:59:52
LAL162,UGS,A1825,SECTION 3,83.84,CLUSTER 3,66.19,,,2026-05-19 14:59:52
LAH162,UGS,A1825,SECTION 3,83.84,CLUSTER 3,66.19,,,2026-05-19 14:59:52
LAL221A,UGS,A1825,SECTION 3,67.89,CLUSTER 1,74.45,,,2026-05-19 14:59:52
LAL221B,UGS,A1825,SECTION 3,67.38,CLUSTER 1,73.73,,,2026-05-19 14:59:52
LAH221A,UGS,A1825,SECTION 3,67.89,CLUSTER 1,74.45,,,2026-05-19 14:59:52
LAH221B,UGS,A1825,SECTION 3,67.38,CLUSTER 1,73.73,,,2026-05-19 14:59:52
LAHH221A,UGS,A1825,SECTION 3,68.75,UNKNOWN,34.13,,,2026-05-19 14:59:52
LAHH221B,UGS,A1825,SECTION 3,68.24,UNKNOWN,33.61,,,2026-05-19 14:59:52
LAL231,UGS,A1825,SECTION 3,77.95,UNKNOWN,56.88,,,2026-05-19 14:59:52
LAH231,UGS,A1825,SECTION 3,77.95,UNKNOWN,56.88,,,2026-05-19 14:59:52
LAL241A,UGS,A1825,SECTION 3,67.89,CLUSTER 1,74.45,,,2026-05-19 14:59:52
LAL241B,UGS,A1825,SECTION 3,67.38,CLUSTER 1,73.73,,,2026-05-19 14:59:52
LAH241A,UGS,A1825,SECTION 3,67.89,CLUSTER 1,74.45,,,2026-05-19 14:59:52
LAH241B,UGS,A1825,SECTION 3,67.38,CLUSTER 1,73.73,,,2026-05-19 14:59:52
LAL251,UGS,A1825,SECTION 3,77.95,UNKNOWN,56.88,,,2026-05-19 14:59:52
LAH251,UGS,A1825,SECTION 3,77.95,UNKNOWN,56.88,,,2026-05-19 14:59:52
LAHH261,UGS,A1825,SECTION 3,78.64,UNKNOWN,55.93,,,2026-05-19 14:59:52
LAL131A,UGS,A1825,SECTION 3,70.55,CLUSTER 1,72.88,,,2026-05-19 14:59:52
LAH131A,UGS,A1825,SECTION 3,70.55,CLUSTER 1,72.88,,,2026-05-19 14:59:52
FS131A,UGS,A1825,SECTION 3,69.49,CLUSTER 1,65.64,,,2026-05-19 14:59:52
FS131B,UGS,A1825,SECTION 3,68.65,CLUSTER 1,65.48,,,2026-05-19 14:59:52
FS141A,UGS,A1825,SECTION 3,69.49,CLUSTER 1,65.64,,,2026-05-19 14:59:52
FS141B,UGS,A1825,SECTION 3,68.65,CLUSTER 1,65.48,,,2026-05-19 14:59:52
ROPESWITCH,UGS,A1825,UNKNOWN,31.55,UNKNOWN,41.37,,,2026-05-19 14:59:52
PS3,UGS,A1825,SECTION 4,90.26,CLUSTER 1,77.4,,,2026-05-19 14:59:52
PS1,UGS,A1825,SECTION 4,90.05,CLUSTER 1,93.93,,,2026-05-19 14:59:52
PS2,UGS,A1825,SECTION 4,90.26,CLUSTER 1,86.19,,,2026-05-19 14:59:52
PS4,UGS,A1825,SECTION 4,90.26,CLUSTER 1,64.97,,,2026-05-19 14:59:52
PS5,UGS,A1825,SECTION 4,90.26,CLUSTER 1,78.98,,,2026-05-19 14:59:52
PS6,UGS,A1825,SECTION 4,90.26,CLUSTER 1,65.1,,,2026-05-19 14:59:52
PS7,UGS,A1825,SECTION 4,90.26,CLUSTER 1,81.22,,,2026-05-19 14:59:52
PS8,UGS,A1825,SECTION 4,90.26,CLUSTER 1,70.96,,,2026-05-19 14:59:52
FILTERHORN,UGS,A1825,UNKNOWN,31.55,UNKNOWN,41.37,,,2026-05-19 14:59:52
STANDARDPOSITIONSIGNAL,UGS,A1825,UNKNOWN,31.51,UNKNOWN,41.32,,,2026-05-19 14:59:52
PLFILTERCLOSE,UGS,A1825,UNKNOWN,31.51,UNKNOWN,41.32,,,2026-05-19 14:59:52
PLFILTEROPEN,UGS,A1825,UNKNOWN,31.51,UNKNOWN,41.32,,,2026-05-19 14:59:52
PBEMERGENCYSTOPA,UGS,A1825,UNKNOWN,31.51,UNKNOWN,41.32,,,2026-05-19 14:59:52
PBOPENFILTERA,UGS,A1825,UNKNOWN,31.51,UNKNOWN,41.32,,,2026-05-19 14:59:52
PBCLOSEFILTERA,UGS,A1825,UNKNOWN,31.51,UNKNOWN,41.32,,,2026-05-19 14:59:52
PBSEMISTEPFILTERA,UGS,A1825,UNKNOWN,31.51,UNKNOWN,41.32,,,2026-05-19 14:59:52
TLALARMFILTER,UGS,A1825,UNKNOWN,31.51,UNKNOWN,41.32,,,2026-05-19 14:59:52
TLPROCESSRUNNINGFILTER,UGS,A1825,UNKNOWN,31.51,UNKNOWN,41.32,,,2026-05-19 14:59:52
TLFILTERMOVING,UGS,A1825,UNKNOWN,31.51,UNKNOWN,41.32,,,2026-05-19 14:59:52
LSSP1,UGS,A1825,SECTION 4,87.6,CLUSTER 1,96.81,,,2026-05-19 14:59:52
LSSP2,UGS,A1825,SECTION 4,87.85,CLUSTER 1,89.52,,,2026-05-19 14:59:52
LSSP3,UGS,A1825,SECTION 4,87.85,CLUSTER 1,88.17,,,2026-05-19 14:59:52
LSSP4,UGS,A1825,SECTION 4,87.85,CLUSTER 1,72.0,,,2026-05-19 14:59:52
LSSP5,UGS,A1825,SECTION 4,87.85,CLUSTER 1,87.17,,,2026-05-19 14:59:52
LSSP6,UGS,A1825,SECTION 4,87.85,CLUSTER 1,71.93,,,2026-05-19 14:59:52
LAL131B,UGS,A1825,SECTION 3,70.1,CLUSTER 1,71.32,,,2026-05-19 14:59:52
LAH131B,UGS,A1825,SECTION 3,70.1,CLUSTER 1,71.32,,,2026-05-19 14:59:52
V101,UGS,A1825,SECTION 3,84.77,UNKNOWN,50.67,,,2026-05-19 14:59:52
V111,UGS,A1825,SECTION 3,83.21,UNKNOWN,53.81,,,2026-05-19 14:59:52
V112,UGS,A1825,SECTION 3,83.21,UNKNOWN,53.81,,,2026-05-19 14:59:52
V113,UGS,A1825,SECTION 3,83.21,UNKNOWN,53.81,,,2026-05-19 14:59:52
V114,UGS,A1825,SECTION 3,83.21,UNKNOWN,53.81,,,2026-05-19 14:59:52
V115,UGS,A1825,SECTION 3,83.21,UNKNOWN,53.81,,,2026-05-19 14:59:52
V1201A,UGS,A1825,SECTION 1,86.89,CLUSTER 9,75.14,,,2026-05-19 14:59:52
V1201B,UGS,A1825,SECTION 1,89.83,CLUSTER 9,75.14,,,2026-05-19 14:59:52
V1201C,UGS,A1825,SECTION 1,91.07,CLUSTER 9,73.09,,,2026-05-19 14:59:52
V1201D,UGS,A1825,SECTION 1,90.82,CLUSTER 9,75.0,,,2026-05-19 14:59:52
V1201E,UGS,A1825,SECTION 1,91.07,CLUSTER 9,73.27,,,2026-05-19 14:59:52
V1201F,UGS,A1825,SECTION 1,91.07,CLUSTER 9,73.27,,,2026-05-19 14:59:52
V1201G,UGS,A1825,SECTION 1,91.07,CLUSTER 9,73.09,,,2026-05-19 14:59:52
V1201H,UGS,A1825,SECTION 1,91.07,CLUSTER 9,73.09,,,2026-05-19 14:59:52
V1201I,UGS,A1825,SECTION 1,91.07,CLUSTER 9,73.09,,,2026-05-19 14:59:52
V1202A,UGS,A1825,SECTION 1,86.89,CLUSTER 9,67.45,,,2026-05-19 14:59:52
V1202B,UGS,A1825,SECTION 1,89.83,CLUSTER 9,67.44,,,2026-05-19 14:59:52
V1202C,UGS,A1825,SECTION 1,91.07,CLUSTER 9,64.62,,,2026-05-19 14:59:52
V1202D,UGS,A1825,SECTION 1,90.82,CLUSTER 9,67.31,,,2026-05-19 14:59:52
V1202E,UGS,A1825,SECTION 1,91.07,CLUSTER 9,64.93,,,2026-05-19 14:59:52
V1202F,UGS,A1825,SECTION 1,91.07,CLUSTER 9,64.93,,,2026-05-19 14:59:52
V1202G,UGS,A1825,SECTION 1,91.07,CLUSTER 9,64.62,,,2026-05-19 14:59:52
V1202H,UGS,A1825,SECTION 1,91.07,CLUSTER 9,64.62,,,2026-05-19 14:59:52
V1202I,UGS,A1825,SECTION 1,91.07,CLUSTER 9,64.62,,,2026-05-19 14:59:52
V1203A,UGS,A1825,SECTION 1,86.89,CLUSTER 9,60.24,,,2026-05-19 14:59:52
V1203B,UGS,A1825,SECTION 1,89.83,CLUSTER 9,60.23,,,2026-05-19 14:59:52
V1203C,UGS,A1825,SECTION 1,91.07,UNKNOWN,57.51,,,2026-05-19 14:59:52
V1203D,UGS,A1825,SECTION 1,90.82,CLUSTER 9,60.06,,,2026-05-19 14:59:52
V1203E,UGS,A1825,SECTION 1,91.07,UNKNOWN,57.77,,,2026-05-19 14:59:52
V1203F,UGS,A1825,SECTION 1,91.07,UNKNOWN,57.77,,,2026-05-19 14:59:52
V1203G,UGS,A1825,SECTION 1,91.07,UNKNOWN,57.51,,,2026-05-19 14:59:52
V1203H,UGS,A1825,SECTION 1,91.07,UNKNOWN,57.51,,,2026-05-19 14:59:52
V1203I,UGS,A1825,SECTION 1,91.07,UNKNOWN,57.51,,,2026-05-19 14:59:52
V1204A,UGS,A1825,SECTION 1,86.89,CLUSTER 9,60.24,,,2026-05-19 14:59:52
V1204B,UGS,A1825,SECTION 1,89.83,CLUSTER 9,60.23,,,2026-05-19 14:59:52
V1204C,UGS,A1825,SECTION 1,91.07,UNKNOWN,57.51,,,2026-05-19 14:59:52
V1204D,UGS,A1825,SECTION 1,90.82,CLUSTER 9,60.06,,,2026-05-19 14:59:52
V1204E,UGS,A1825,SECTION 1,91.07,UNKNOWN,57.77,,,2026-05-19 14:59:52
V1204F,UGS,A1825,SECTION 1,91.07,UNKNOWN,57.77,,,2026-05-19 14:59:52
V1204G,UGS,A1825,SECTION 1,91.07,UNKNOWN,57.51,,,2026-05-19 14:59:52
V1204H,UGS,A1825,SECTION 1,91.07,UNKNOWN,57.51,,,2026-05-19 14:59:52
V1204I,UGS,A1825,SECTION 1,91.07,UNKNOWN,57.51,,,2026-05-19 14:59:52
V1205A,UGS,A1825,SECTION 1,86.89,CLUSTER 9,60.24,,,2026-05-19 14:59:52
V1205B,UGS,A1825,SECTION 1,89.83,CLUSTER 9,60.23,,,2026-05-19 14:59:52
V1205C,UGS,A1825,SECTION 1,91.07,UNKNOWN,57.51,,,2026-05-19 14:59:52
V1205D,UGS,A1825,SECTION 1,90.82,CLUSTER 9,60.06,,,2026-05-19 14:59:52
V1205E,UGS,A1825,SECTION 1,91.07,UNKNOWN,57.77,,,2026-05-19 14:59:52
V1205F,UGS,A1825,SECTION 1,91.07,UNKNOWN,57.77,,,2026-05-19 14:59:52
V1205G,UGS,A1825,SECTION 1,91.07,UNKNOWN,57.51,,,2026-05-19 14:59:52
V1205H,UGS,A1825,SECTION 1,91.07,UNKNOWN,57.51,,,2026-05-19 14:59:52
V1205I,UGS,A1825,SECTION 1,91.07,UNKNOWN,57.51,,,2026-05-19 14:59:52
V1206A,UGS,A1825,SECTION 1,86.89,CLUSTER 9,60.24,,,2026-05-19 14:59:52
V1206B,UGS,A1825,SECTION 1,89.83,CLUSTER 9,60.23,,,2026-05-19 14:59:52
V1206C,UGS,A1825,SECTION 1,91.07,UNKNOWN,57.51,,,2026-05-19 14:59:52
V1206D,UGS,A1825,SECTION 1,90.82,CLUSTER 9,60.06,,,2026-05-19 14:59:52
V1206E,UGS,A1825,SECTION 1,91.07,UNKNOWN,57.77,,,2026-05-19 14:59:52
V1206F,UGS,A1825,SECTION 1,91.07,UNKNOWN,57.77,,,2026-05-19 14:59:52
V1206G,UGS,A1825,SECTION 1,91.07,UNKNOWN,57.51,,,2026-05-19 14:59:52
V1206H,UGS,A1825,SECTION 1,91.07,UNKNOWN,57.51,,,2026-05-19 14:59:52
V1206I,UGS,A1825,SECTION 1,91.07,UNKNOWN,57.51,,,2026-05-19 14:59:52
V1207A,UGS,A1825,SECTION 1,86.89,CLUSTER 9,60.24,,,2026-05-19 14:59:52
V1207B,UGS,A1825,SECTION 1,89.83,CLUSTER 9,60.23,,,2026-05-19 14:59:52
V1207C,UGS,A1825,SECTION 1,91.07,UNKNOWN,57.51,,,2026-05-19 14:59:52
V1207D,UGS,A1825,SECTION 1,90.82,CLUSTER 9,60.06,,,2026-05-19 14:59:52
V1207E,UGS,A1825,SECTION 1,91.07,UNKNOWN,57.77,,,2026-05-19 14:59:52
V1207F,UGS,A1825,SECTION 1,91.07,UNKNOWN,57.77,,,2026-05-19 14:59:52
V1207G,UGS,A1825,SECTION 1,91.07,UNKNOWN,57.51,,,2026-05-19 14:59:52
V1207H,UGS,A1825,SECTION 1,91.07,UNKNOWN,57.51,,,2026-05-19 14:59:52
V1207I,UGS,A1825,SECTION 1,91.07,UNKNOWN,57.51,,,2026-05-19 14:59:52
V1208A,UGS,A1825,SECTION 1,86.89,CLUSTER 9,60.24,,,2026-05-19 14:59:52
V1208B,UGS,A1825,SECTION 1,89.83,CLUSTER 9,60.23,,,2026-05-19 14:59:52
V1208C,UGS,A1825,SECTION 1,91.07,UNKNOWN,57.51,,,2026-05-19 14:59:52
V1208D,UGS,A1825,SECTION 1,90.82,CLUSTER 9,60.06,,,2026-05-19 14:59:52
V1208E,UGS,A1825,SECTION 1,91.07,UNKNOWN,57.77,,,2026-05-19 14:59:52
V1208F,UGS,A1825,SECTION 1,91.07,UNKNOWN,57.77,,,2026-05-19 14:59:52
V1208G,UGS,A1825,SECTION 1,91.07,UNKNOWN,57.51,,,2026-05-19 14:59:52
V1208H,UGS,A1825,SECTION 1,91.07,UNKNOWN,57.51,,,2026-05-19 14:59:52
V1208I,UGS,A1825,SECTION 1,91.07,UNKNOWN,57.51,,,2026-05-19 14:59:52
V1209A,UGS,A1825,SECTION 1,86.89,CLUSTER 9,60.24,,,2026-05-19 14:59:52
V1209B,UGS,A1825,SECTION 1,89.83,CLUSTER 9,60.23,,,2026-05-19 14:59:52
V1209C,UGS,A1825,SECTION 1,91.07,UNKNOWN,57.51,,,2026-05-19 14:59:52
V1209D,UGS,A1825,SECTION 1,90.82,CLUSTER 9,60.06,,,2026-05-19 14:59:52
V1209E,UGS,A1825,SECTION 1,91.07,UNKNOWN,57.77,,,2026-05-19 14:59:52
V1209F,UGS,A1825,SECTION 1,91.07,UNKNOWN,57.77,,,2026-05-19 14:59:52
V1209G,UGS,A1825,SECTION 1,91.07,UNKNOWN,57.51,,,2026-05-19 14:59:52
V1209H,UGS,A1825,SECTION 1,91.07,UNKNOWN,57.51,,,2026-05-19 14:59:52
V1209I,UGS,A1825,SECTION 1,91.07,UNKNOWN,57.51,,,2026-05-19 14:59:52
V1210A,UGS,A1825,SECTION 1,86.89,CLUSTER 9,60.24,,,2026-05-19 14:59:52
V1210B,UGS,A1825,SECTION 1,89.83,CLUSTER 9,60.23,,,2026-05-19 14:59:52
V1210C,UGS,A1825,SECTION 1,91.07,UNKNOWN,57.51,,,2026-05-19 14:59:52
V1210D,UGS,A1825,SECTION 1,90.82,CLUSTER 9,60.06,,,2026-05-19 14:59:52
V1210E,UGS,A1825,SECTION 1,91.07,UNKNOWN,57.77,,,2026-05-19 14:59:52
V1210F,UGS,A1825,SECTION 1,91.07,UNKNOWN,57.77,,,2026-05-19 14:59:52
V1210G,UGS,A1825,SECTION 1,91.07,UNKNOWN,57.51,,,2026-05-19 14:59:52
V1210H,UGS,A1825,SECTION 1,91.07,UNKNOWN,57.51,,,2026-05-19 14:59:52
V1210I,UGS,A1825,SECTION 1,91.07,UNKNOWN,57.51,,,2026-05-19 14:59:52
V1211A,UGS,A1825,SECTION 1,86.89,CLUSTER 9,60.24,,,2026-05-19 14:59:52
V1211B,UGS,A1825,SECTION 1,89.83,CLUSTER 9,60.23,,,2026-05-19 14:59:52
V1211C,UGS,A1825,SECTION 1,91.07,UNKNOWN,57.51,,,2026-05-19 14:59:52
V1211D,UGS,A1825,SECTION 1,90.82,CLUSTER 9,60.06,,,2026-05-19 14:59:52
V1211E,UGS,A1825,SECTION 1,91.07,UNKNOWN,57.77,,,2026-05-19 14:59:52
V1211F,UGS,A1825,SECTION 1,91.07,UNKNOWN,57.77,,,2026-05-19 14:59:52
V1211G,UGS,A1825,SECTION 1,91.07,UNKNOWN,57.51,,,2026-05-19 14:59:52
V1211H,UGS,A1825,SECTION 1,91.07,UNKNOWN,57.51,,,2026-05-19 14:59:52
V1211I,UGS,A1825,SECTION 1,91.07,UNKNOWN,57.51,,,2026-05-19 14:59:52
V1212A,UGS,A1825,SECTION 1,86.89,CLUSTER 9,60.24,,,2026-05-19 14:59:52
V1212B,UGS,A1825,SECTION 1,89.83,CLUSTER 9,60.23,,,2026-05-19 14:59:52
V1212C,UGS,A1825,SECTION 1,91.07,UNKNOWN,57.51,,,2026-05-19 14:59:52
V1212D,UGS,A1825,SECTION 1,90.82,CLUSTER 9,60.06,,,2026-05-19 14:59:52
V1212E,UGS,A1825,SECTION 1,91.07,UNKNOWN,57.77,,,2026-05-19 14:59:52
V1212F,UGS,A1825,SECTION 1,91.07,UNKNOWN,57.77,,,2026-05-19 14:59:52
V1212G,UGS,A1825,SECTION 1,91.07,UNKNOWN,57.51,,,2026-05-19 14:59:52
V1212H,UGS,A1825,SECTION 1,91.07,UNKNOWN,57.51,,,2026-05-19 14:59:52
V1212I,UGS,A1825,SECTION 1,91.07,UNKNOWN,57.51,,,2026-05-19 14:59:52
V160,UGS,A1825,SECTION 3,83.21,UNKNOWN,53.81,,,2026-05-19 14:59:52
V162,UGS,A1825,SECTION 3,83.21,UNKNOWN,53.81,,,2026-05-19 14:59:52
V243,UGS,A1825,SECTION 3,74.49,UNKNOWN,40.85,,,2026-05-19 14:59:52
V251,UGS,A1825,SECTION 3,74.49,UNKNOWN,40.85,,,2026-05-19 14:59:52
V261,UGS,A1825,SECTION 3,74.49,UNKNOWN,40.85,,,2026-05-19 14:59:52
V262,UGS,A1825,SECTION 3,74.49,UNKNOWN,40.85,,,2026-05-19 14:59:52
V263,UGS,A1825,SECTION 3,74.49,UNKNOWN,40.85,,,2026-05-19 14:59:52
V264,UGS,A1825,SECTION 3,74.49,UNKNOWN,40.85,,,2026-05-19 14:59:52
TV241A,UGS,A1825,SECTION 3,65.4,CLUSTER 1,69.67,,,2026-05-19 14:59:52
TV241B,UGS,A1825,SECTION 3,64.3,CLUSTER 1,69.74,,,2026-05-19 14:59:52
Y1A,UGS,A1825,SECTION 2,90.72,CLUSTER 1,96.31,,,2026-05-19 14:59:52
Y2A,UGS,A1825,SECTION 2,90.72,CLUSTER 1,93.01,,,2026-05-19 14:59:52
Y3A,UGS,A1825,SECTION 2,90.72,CLUSTER 1,79.36,,,2026-05-19 14:59:52
Y5A,UGS,A1825,SECTION 2,90.72,CLUSTER 1,85.8,,,2026-05-19 14:59:52
Y6A,UGS,A1825,SECTION 2,90.72,CLUSTER 4,62.77,,,2026-05-19 14:59:52
Y7A,UGS,A1825,SECTION 2,90.72,CLUSTER 1,89.86,,,2026-05-19 14:59:52
Y8A,UGS,A1825,SECTION 2,90.72,CLUSTER 1,89.9,,,2026-05-19 14:59:52
Y9A,UGS,A1825,SECTION 2,90.72,CLUSTER 1,89.66,,,2026-05-19 14:59:52
Y10A,UGS,A1825,SECTION 2,91.68,UNKNOWN,58.95,,,2026-05-19 14:59:52
Y11A,UGS,A1825,SECTION 2,91.68,UNKNOWN,57.2,,,2026-05-19 14:59:52
Y12A,UGS,A1825,SECTION 2,91.88,CLUSTER 1,95.78,,,2026-05-19 14:59:52
Y13A,UGS,A1825,SECTION 2,91.88,CLUSTER 1,95.78,,,2026-05-19 14:59:52
Y20A,UGS,A1825,SECTION 2,91.88,CLUSTER 1,95.78,,,2026-05-19 14:59:52
Y21A,UGS,A1825,SECTION 2,97.76,CLUSTER 1,97.27,,,2026-05-19 14:59:52
Y1B,UGS,A1825,SECTION 2,90.74,CLUSTER 1,96.69,,,2026-05-19 14:59:52
Y2B,UGS,A1825,SECTION 2,90.74,CLUSTER 1,93.54,,,2026-05-19 14:59:52
Y3B,UGS,A1825,SECTION 2,90.74,CLUSTER 1,81.58,,,2026-05-19 14:59:52
Y5B,UGS,A1825,SECTION 2,90.74,CLUSTER 1,86.59,,,2026-05-19 14:59:52
Y6B,UGS,A1825,SECTION 2,90.74,CLUSTER 4,61.66,,,2026-05-19 14:59:52
Y7B,UGS,A1825,SECTION 2,90.74,CLUSTER 1,90.79,,,2026-05-19 14:59:52
Y8B,UGS,A1825,SECTION 2,90.74,CLUSTER 1,90.37,,,2026-05-19 14:59:52
Y9B,UGS,A1825,SECTION 2,90.74,CLUSTER 1,90.57,,,2026-05-19 14:59:52
Y10B,UGS,A1825,SECTION 2,91.68,UNKNOWN,59.68,,,2026-05-19 14:59:52
Y11B,UGS,A1825,SECTION 2,91.68,UNKNOWN,56.89,,,2026-05-19 14:59:52
Y12B,UGS,A1825,SECTION 2,91.88,CLUSTER 1,96.16,,,2026-05-19 14:59:52
Y13B,UGS,A1825,SECTION 2,91.88,CLUSTER 1,96.16,,,2026-05-19 14:59:52
Y20B,UGS,A1825,SECTION 2,91.88,CLUSTER 1,96.16,,,2026-05-19 14:59:52
Y21B,UGS,A1825,SECTION 2,97.68,CLUSTER 1,97.54,,,2026-05-19 14:59:52
D6,UGS,A1825,SECTION 4,90.26,CLUSTER 1,65.1,,,2026-05-19 14:59:52
D7,UGS,A1825,SECTION 4,90.26,CLUSTER 1,81.22,,,2026-05-19 14:59:52
D8,UGS,A1825,SECTION 4,90.26,CLUSTER 1,70.96,,,2026-05-19 14:59:52
W4,UGS,A1825,SECTION 4,90.26,CLUSTER 1,64.97,,,2026-05-19 14:59:52
W5,UGS,A1825,SECTION 4,90.26,CLUSTER 1,78.98,,,2026-05-19 14:59:52
SPV6,UGS,A1825,SECTION 4,90.26,CLUSTER 1,65.1,,,2026-05-19 14:59:52
SPV7,UGS,A1825,SECTION 4,90.26,CLUSTER 1,81.22,,,2026-05-19 14:59:52
SPV8,UGS,A1825,SECTION 4,90.26,CLUSTER 1,70.96,,,2026-05-19 14:59:52
CR1201,UGS,A1825,SECTION 1,99.81,CLUSTER 9,76.9,,,2026-05-19 15:01:41
CR1202,UGS,A1825,SECTION 1,99.81,CLUSTER 9,68.1,,,2026-05-19 15:01:41
CR1203,UGS,A1825,SECTION 1,99.81,CLUSTER 9,62.08,,,2026-05-19 15:01:41
CR1204,UGS,A1825,SECTION 1,99.81,CLUSTER 9,62.08,,,2026-05-19 15:01:41
CR1205,UGS,A1825,SECTION 1,99.81,CLUSTER 9,62.08,,,2026-05-19 15:01:41
CR1206,UGS,A1825,SECTION 1,99.81,CLUSTER 9,62.08,,,2026-05-19 15:01:41
CR1207,UGS,A1825,SECTION 1,99.81,CLUSTER 9,62.08,,,2026-05-19 15:01:41
CR1208,UGS,A1825,SECTION 1,99.81,CLUSTER 9,62.08,,,2026-05-19 15:01:41
CR1209,UGS,A1825,SECTION 1,99.81,CLUSTER 9,62.08,,,2026-05-19 15:01:41
CR1210,UGS,A1825,SECTION 1,99.81,CLUSTER 9,62.08,,,2026-05-19 15:01:41
CR1211,UGS,A1825,SECTION 1,99.81,CLUSTER 9,62.08,,,2026-05-19 15:01:41
CR1212,UGS,A1825,SECTION 1,99.81,CLUSTER 9,62.08,,,2026-05-19 15:01:41
PU1201,UGS,A1825,SECTION 1,99.81,CLUSTER 9,76.9,,,2026-05-19 15:01:41
PU1202,UGS,A1825,SECTION 1,99.81,CLUSTER 9,68.1,,,2026-05-19 15:01:41
PU1203,UGS,A1825,SECTION 1,99.81,CLUSTER 9,62.08,,,2026-05-19 15:01:41
PU1204,UGS,A1825,SECTION 1,99.81,CLUSTER 9,62.08,,,2026-05-19 15:01:41
PU1205,UGS,A1825,SECTION 1,99.81,CLUSTER 9,62.08,,,2026-05-19 15:01:41
PU1206,UGS,A1825,SECTION 1,99.81,CLUSTER 9,62.08,,,2026-05-19 15:01:41
PU1207,UGS,A1825,SECTION 1,99.81,CLUSTER 9,62.08,,,2026-05-19 15:01:41
PU1208,UGS,A1825,SECTION 1,99.81,CLUSTER 9,62.08,,,2026-05-19 15:01:41
PU1209,UGS,A1825,SECTION 1,99.81,CLUSTER 9,62.08,,,2026-05-19 15:01:41
PU1210,UGS,A1825,SECTION 1,99.81,CLUSTER 9,62.08,,,2026-05-19 15:01:41
PU1211,UGS,A1825,SECTION 1,99.81,CLUSTER 9,62.08,,,2026-05-19 15:01:41
PU1212,UGS,A1825,SECTION 1,99.81,CLUSTER 9,62.08,,,2026-05-19 15:01:41
PU101A,UGS,A1825,SECTION 3,69.95,CLUSTER 1,78.82,,,2026-05-19 15:01:41
PU101B,UGS,A1825,SECTION 3,69.16,CLUSTER 1,78.59,,,2026-05-19 15:01:41
PU111,UGS,A1825,SECTION 3,82.89,CLUSTER 1,65.04,,,2026-05-19 15:01:41
PU161,UGS,A1825,SECTION 3,82.89,CLUSTER 1,65.04,,,2026-05-19 15:01:41
PU221A,UGS,A1825,SECTION 3,65.4,CLUSTER 1,69.67,,,2026-05-19 15:01:41
PU221B,UGS,A1825,SECTION 3,64.3,CLUSTER 1,69.74,,,2026-05-19 15:01:41
PU231,UGS,A1825,SECTION 3,74.19,UNKNOWN,46.11,,,2026-05-19 15:01:41
PU241A,UGS,A1825,SECTION 3,65.4,CLUSTER 1,69.67,,,2026-05-19 15:01:41
PU241B,UGS,A1825,SECTION 3,64.3,CLUSTER 1,69.74,,,2026-05-19 15:01:41
PU251,UGS,A1825,SECTION 3,74.19,UNKNOWN,46.11,,,2026-05-19 15:01:41
PU162,UGS,A1825,SECTION 3,82.89,CLUSTER 1,65.04,,,2026-05-19 15:01:41
PU131,UGS,A1825,SECTION 3,82.89,CLUSTER 1,65.04,,,2026-05-19 15:01:41
PU131B,UGS,A1825,SECTION 3,68.65,CLUSTER 1,65.48,,,2026-05-19 15:01:41
PU132A,UGS,A1825,SECTION 3,69.49,CLUSTER 1,65.64,,,2026-05-19 15:01:41
PU132B,UGS,A1825,SECTION 3,68.65,CLUSTER 1,65.48,,,2026-05-19 15:01:41
PU141A,UGS,A1825,SECTION 3,69.49,CLUSTER 1,65.64,,,2026-05-19 15:01:41
PU141B,UGS,A1825,SECTION 3,68.65,CLUSTER 1,65.48,,,2026-05-19 15:01:41
PU151,UGS,A1825,SECTION 3,82.89,CLUSTER 1,65.04,,,2026-05-19 15:01:41
PU151B,UGS,A1825,SECTION 3,68.65,CLUSTER 1,65.48,,,2026-05-19 15:01:41
CU131A,UGS,A1825,SECTION 3,69.49,CLUSTER 1,65.64,,,2026-05-19 15:01:41
CU131B,UGS,A1825,SECTION 3,68.65,CLUSTER 1,65.48,,,2026-05-19 15:01:41
CT151F1,UGS,A1825,UNKNOWN,55.12,UNKNOWN,33.64,,,2026-05-19 15:01:41
CT151F2,UGS,A1825,UNKNOWN,54.63,UNKNOWN,41.39,,,2026-05-19 15:01:41
CT141AF1,UGS,A1825,SECTION 2,79.39,CLUSTER 5,75.91,,,2026-05-19 15:01:41
CT141AF2,UGS,A1825,SECTION 2,80.44,CLUSTER 5,69.9,,,2026-05-19 15:01:41
CT141BF1,UGS,A1825,SECTION 2,79.39,CLUSTER 5,75.91,,,2026-05-19 15:01:41
CT141BF2,UGS,A1825,SECTION 2,80.44,CLUSTER 5,69.9,,,2026-05-19 15:01:41
CU131CSP,UGS,A1825,SECTION 2,85.36,UNKNOWN,50.96,,,2026-05-19 15:01:41
CT141CF1SP,UGS,A1825,SECTION 2,79.84,UNKNOWN,59.72,,,2026-05-19 15:01:41
CT141CF2SP,UGS,A1825,SECTION 2,79.84,UNKNOWN,59.72,,,2026-05-19 15:01:41
SPPU1,UGS,A1825,SECTION 4,87.6,CLUSTER 1,96.81,,,2026-05-19 15:01:41
SPPU2,UGS,A1825,SECTION 4,87.85,CLUSTER 1,89.52,,,2026-05-19 15:01:41
SPPU3,UGS,A1825,SECTION 4,87.85,CLUSTER 1,88.17,,,2026-05-19 15:01:41
SPPU4,UGS,A1825,SECTION 4,87.85,CLUSTER 1,72.0,,,2026-05-19 15:01:41
PU211,UGS,A1825,SECTION 3,76.97,UNKNOWN,46.96,,,2026-05-19 15:01:41
HM211A,UGS,A1825,SECTION 3,66.13,CLUSTER 1,61.91,,,2026-05-19 15:01:41
HM211B,UGS,A1825,SECTION 3,65.11,CLUSTER 1,61.96,,,2026-05-19 15:01:41
PU261,UGS,A1825,SECTION 3,74.19,UNKNOWN,46.11,,,2026-05-19 15:01:41
FN261,UGS,A1825,SECTION 3,74.19,UNKNOWN,46.11,,,2026-05-19 15:01:41
FT100,UGS,A1825,SECTION 3,88.93,CLUSTER 1,74.83,,,2026-05-19 15:01:41
FT221,UGS,A1825,SECTION 3,74.19,UNKNOWN,46.11,,,2026-05-19 15:01:41
FT221B,UGS,A1825,SECTION 3,64.3,CLUSTER 1,69.74,,,2026-05-19 15:01:41
FT223,UGS,A1825,SECTION 3,74.19,UNKNOWN,46.11,,,2026-05-19 15:01:41
FT111,UGS,A1825,SECTION 3,82.89,CLUSTER 1,65.04,,,2026-05-19 15:01:41
FTSP1,UGS,A1825,SECTION 4,87.6,CLUSTER 1,96.81,,,2026-05-19 15:01:41
FTSP2,UGS,A1825,SECTION 4,87.85,CLUSTER 1,89.52,,,2026-05-19 15:01:41
TE101,UGS,A1825,SECTION 3,84.43,CLUSTER 1,79.51,,,2026-05-19 15:01:41
TE111,UGS,A1825,SECTION 3,82.89,CLUSTER 1,65.04,,,2026-05-19 15:01:41
TE1201A,UGS,A1825,SECTION 1,79.61,CLUSTER 9,80.31,,,2026-05-19 15:01:41
TE1202A,UGS,A1825,SECTION 1,79.61,CLUSTER 9,80.8,,,2026-05-19 15:01:41
TE1203A,UGS,A1825,SECTION 1,79.61,CLUSTER 9,74.67,,,2026-05-19 15:01:41
TE1204A,UGS,A1825,SECTION 1,79.61,CLUSTER 9,74.67,,,2026-05-19 15:01:41
TE1205A,UGS,A1825,SECTION 1,79.61,CLUSTER 9,74.67,,,2026-05-19 15:01:41
TE1206A,UGS,A1825,SECTION 1,79.61,CLUSTER 9,74.67,,,2026-05-19 15:01:41
TE1207A,UGS,A1825,SECTION 1,79.61,CLUSTER 9,74.67,,,2026-05-19 15:01:41
TE1208A,UGS,A1825,SECTION 1,79.61,CLUSTER 9,74.67,,,2026-05-19 15:01:41
TE1209A,UGS,A1825,SECTION 1,79.61,CLUSTER 9,74.67,,,2026-05-19 15:01:41
TE1210A,UGS,A1825,SECTION 1,79.61,CLUSTER 9,74.67,,,2026-05-19 15:01:41
TE1211A,UGS,A1825,SECTION 1,79.61,CLUSTER 9,74.67,,,2026-05-19 15:01:41
TE1212A,UGS,A1825,SECTION 1,79.61,CLUSTER 9,74.67,,,2026-05-19 15:01:41
TE1201B,UGS,A1825,SECTION 1,81.63,CLUSTER 9,80.29,,,2026-05-19 15:01:41
TE1202B,UGS,A1825,SECTION 1,81.63,CLUSTER 9,80.79,,,2026-05-19 15:01:41
TE1203B,UGS,A1825,SECTION 1,81.63,CLUSTER 9,74.65,,,2026-05-19 15:01:41
TE1204B,UGS,A1825,SECTION 1,81.63,CLUSTER 9,74.65,,,2026-05-19 15:01:41
TE1205B,UGS,A1825,SECTION 1,81.63,CLUSTER 9,74.65,,,2026-05-19 15:01:41
TE1206B,UGS,A1825,SECTION 1,81.63,CLUSTER 9,74.65,,,2026-05-19 15:01:41
TE1207B,UGS,A1825,SECTION 1,81.63,CLUSTER 9,74.65,,,2026-05-19 15:01:41
TE1208B,UGS,A1825,SECTION 1,81.63,CLUSTER 9,74.65,,,2026-05-19 15:01:41
TE1209B,UGS,A1825,SECTION 1,81.63,CLUSTER 9,74.65,,,2026-05-19 15:01:41
TE1210B,UGS,A1825,SECTION 1,81.63,CLUSTER 9,74.65,,,2026-05-19 15:01:41
TE1211B,UGS,A1825,SECTION 1,81.63,CLUSTER 9,74.65,,,2026-05-19 15:01:41
TE1212B,UGS,A1825,SECTION 1,81.63,CLUSTER 9,74.65,,,2026-05-19 15:01:41
LT1201,UGS,A1825,SECTION 1,99.81,CLUSTER 9,76.9,,,2026-05-19 15:01:41
LT1202,UGS,A1825,SECTION 1,99.81,CLUSTER 9,68.1,,,2026-05-19 15:01:41
LT1203,UGS,A1825,SECTION 1,99.81,CLUSTER 9,62.08,,,2026-05-19 15:01:41
LT1204,UGS,A1825,SECTION 1,99.81,CLUSTER 9,62.08,,,2026-05-19 15:01:41
LT1205,UGS,A1825,SECTION 1,99.81,CLUSTER 9,62.08,,,2026-05-19 15:01:41
LT1206,UGS,A1825,SECTION 1,99.81,CLUSTER 9,62.08,,,2026-05-19 15:01:41
LT1207,UGS,A1825,SECTION 1,99.81,CLUSTER 9,62.08,,,2026-05-19 15:01:41
LT1208,UGS,A1825,SECTION 1,99.81,CLUSTER 9,62.08,,,2026-05-19 15:01:41
LT1209,UGS,A1825,SECTION 1,99.81,CLUSTER 9,62.08,,,2026-05-19 15:01:41
LT1210,UGS,A1825,SECTION 1,99.81,CLUSTER 9,62.08,,,2026-05-19 15:01:41
LT1211,UGS,A1825,SECTION 1,99.81,CLUSTER 9,62.08,,,2026-05-19 15:01:41
LT1212,UGS,A1825,SECTION 1,99.81,CLUSTER 9,62.08,,,2026-05-19 15:01:41
SIC1201,UGS,A1825,SECTION 1,99.8,CLUSTER 9,85.24,,,2026-05-19 15:01:41
SIC1202,UGS,A1825,SECTION 1,99.8,CLUSTER 9,85.38,,,2026-05-19 15:01:41
SIC1203,UGS,A1825,SECTION 1,99.8,CLUSTER 9,80.64,,,2026-05-19 15:01:41
SIC1204,UGS,A1825,SECTION 1,99.8,CLUSTER 9,80.64,,,2026-05-19 15:01:41
SIC1205,UGS,A1825,SECTION 1,99.8,CLUSTER 9,80.64,,,2026-05-19 15:01:41
SIC1206,UGS,A1825,SECTION 1,99.8,CLUSTER 9,80.64,,,2026-05-19 15:01:41
SIC1207,UGS,A1825,SECTION 1,99.8,CLUSTER 9,80.64,,,2026-05-19 15:01:41
SIC1208,UGS,A1825,SECTION 1,99.8,CLUSTER 9,80.64,,,2026-05-19 15:01:41
SIC1209,UGS,A1825,SECTION 1,99.8,CLUSTER 9,80.64,,,2026-05-19 15:01:41
SIC1210,UGS,A1825,SECTION 1,99.8,CLUSTER 9,80.64,,,2026-05-19 15:01:41
SIC1211,UGS,A1825,SECTION 1,99.8,CLUSTER 9,80.64,,,2026-05-19 15:01:41
SIC1212,UGS,A1825,SECTION 1,99.8,CLUSTER 9,80.64,,,2026-05-19 15:01:41
CR1201SPD,UGS,A1825,UNKNOWN,49.38,CLUSTER 9,74.94,,,2026-05-19 15:01:41
CR1202SPD,UGS,A1825,UNKNOWN,49.38,CLUSTER 9,73.34,,,2026-05-19 15:01:41
CR1203SPD,UGS,A1825,UNKNOWN,49.38,CLUSTER 9,68.07,,,2026-05-19 15:01:41
CR1204SPD,UGS,A1825,UNKNOWN,49.38,CLUSTER 9,68.07,,,2026-05-19 15:01:41
CR1205SPD,UGS,A1825,UNKNOWN,49.38,CLUSTER 9,68.07,,,2026-05-19 15:01:41
CR1206SPD,UGS,A1825,UNKNOWN,49.38,CLUSTER 9,68.07,,,2026-05-19 15:01:41
CR1207SPD,UGS,A1825,UNKNOWN,49.38,CLUSTER 9,68.07,,,2026-05-19 15:01:41
CR1208SPD,UGS,A1825,UNKNOWN,49.38,CLUSTER 9,68.07,,,2026-05-19 15:01:41
CR1209SPD,UGS,A1825,UNKNOWN,49.38,CLUSTER 9,68.07,,,2026-05-19 15:01:41
CR1210SPD,UGS,A1825,UNKNOWN,49.38,CLUSTER 9,68.07,,,2026-05-19 15:01:41
CR1211SPD,UGS,A1825,UNKNOWN,49.38,CLUSTER 9,68.07,,,2026-05-19 15:01:41
CR1212SPD,UGS,A1825,UNKNOWN,49.38,CLUSTER 9,68.07,,,2026-05-19 15:01:41
TE1201C,UGS,A1825,SECTION 1,83.77,CLUSTER 9,78.84,,,2026-05-19 15:01:41
TE1202C,UGS,A1825,SECTION 1,83.77,CLUSTER 9,79.07,,,2026-05-19 15:01:41
TE1203C,UGS,A1825,SECTION 1,83.77,CLUSTER 9,72.89,,,2026-05-19 15:01:41
TE1204C,UGS,A1825,SECTION 1,83.77,CLUSTER 9,72.89,,,2026-05-19 15:01:41
TE1205C,UGS,A1825,SECTION 1,83.77,CLUSTER 9,72.89,,,2026-05-19 15:01:41
TE1206C,UGS,A1825,SECTION 1,83.77,CLUSTER 9,72.89,,,2026-05-19 15:01:41
TE1207C,UGS,A1825,SECTION 1,83.77,CLUSTER 9,72.89,,,2026-05-19 15:01:41
TE1208C,UGS,A1825,SECTION 1,83.77,CLUSTER 9,72.89,,,2026-05-19 15:01:41
TE1209C,UGS,A1825,SECTION 1,83.77,CLUSTER 9,72.89,,,2026-05-19 15:01:41
TE1210C,UGS,A1825,SECTION 1,83.77,CLUSTER 9,72.89,,,2026-05-19 15:01:41
TE1211C,UGS,A1825,SECTION 1,83.77,CLUSTER 9,72.89,,,2026-05-19 15:01:41
TE1212C,UGS,A1825,SECTION 1,83.77,CLUSTER 9,72.89,,,2026-05-19 15:01:41
TE161,UGS,A1825,SECTION 3,82.89,CLUSTER 1,65.04,,,2026-05-19 15:01:41
TE112,UGS,A1825,SECTION 3,82.89,CLUSTER 1,65.04,,,2026-05-19 15:01:41
PT200,UGS,A1825,SECTION 3,79.68,UNKNOWN,46.1,,,2026-05-19 15:01:41
PT201,UGS,A1825,SECTION 3,79.68,UNKNOWN,46.1,,,2026-05-19 15:01:41
PTN2,UGS,A1825,SECTION 4,90.26,CLUSTER 1,86.19,,,2026-05-19 15:01:41
LT241A,UGS,A1825,SECTION 3,65.4,CLUSTER 1,69.67,,,2026-05-19 15:01:41
LT241B,UGS,A1825,SECTION 3,64.3,CLUSTER 1,69.74,,,2026-05-19 15:01:41
LT261,UGS,A1825,SECTION 3,74.19,UNKNOWN,46.11,,,2026-05-19 15:01:41
LT221A,UGS,A1825,SECTION 3,65.4,CLUSTER 1,69.67,,,2026-05-19 15:01:41
LT221B,UGS,A1825,SECTION 3,64.3,CLUSTER 1,69.74,,,2026-05-19 15:01:41
LT231,UGS,A1825,SECTION 3,74.19,UNKNOWN,46.11,,,2026-05-19 15:01:41
LT251,UGS,A1825,SECTION 3,74.19,UNKNOWN,46.11,,,2026-05-19 15:01:41
TE221A,UGS,A1825,SECTION 3,65.4,CLUSTER 1,69.67,,,2026-05-19 15:01:41
TE221B,UGS,A1825,SECTION 3,64.3,CLUSTER 1,69.74,,,2026-05-19 15:01:41
TE231A,UGS,A1825,SECTION 3,65.4,CLUSTER 1,69.67,,,2026-05-19 15:01:41
TE251,UGS,A1825,SECTION 3,74.19,UNKNOWN,46.11,,,2026-05-19 15:01:41
TE131A,UGS,A1825,SECTION 3,69.49,CLUSTER 1,65.64,,,2026-05-19 15:01:41
TE132AA,UGS,A1825,UNKNOWN,59.08,UNKNOWN,47.79,,,2026-05-19 15:01:41
TE132AB,UGS,A1825,UNKNOWN,58.7,UNKNOWN,48.03,,,2026-05-19 15:01:41
TE132BA,UGS,A1825,UNKNOWN,59.08,UNKNOWN,47.79,,,2026-05-19 15:01:41
TE132BB,UGS,A1825,UNKNOWN,58.7,UNKNOWN,48.03,,,2026-05-19 15:01:41
TE141A,UGS,A1825,SECTION 3,69.49,CLUSTER 1,65.64,,,2026-05-19 15:01:41
TE141B,UGS,A1825,SECTION 3,68.65,CLUSTER 1,65.48,,,2026-05-19 15:01:41
TE151,UGS,A1825,SECTION 3,82.89,CLUSTER 1,65.04,,,2026-05-19 15:01:41
PT131,UGS,A1825,SECTION 3,82.89,CLUSTER 1,65.04,,,2026-05-19 15:01:41
PT151,UGS,A1825,SECTION 3,82.89,CLUSTER 1,65.04,,,2026-05-19 15:01:41
TV1201,UGS,A1825,SECTION 1,99.81,CLUSTER 9,76.9,,,2026-05-19 15:01:41
TV1202,UGS,A1825,SECTION 1,99.81,CLUSTER 9,68.1,,,2026-05-19 15:01:41
TV1203,UGS,A1825,SECTION 1,99.81,CLUSTER 9,62.08,,,2026-05-19 15:01:41
TV1204,UGS,A1825,SECTION 1,99.81,CLUSTER 9,62.08,,,2026-05-19 15:01:41
TV1205,UGS,A1825,SECTION 1,99.81,CLUSTER 9,62.08,,,2026-05-19 15:01:41
TV1206,UGS,A1825,SECTION 1,99.81,CLUSTER 9,62.08,,,2026-05-19 15:01:41
TV1207,UGS,A1825,SECTION 1,99.81,CLUSTER 9,62.08,,,2026-05-19 15:01:41
TV1208,UGS,A1825,SECTION 1,99.81,CLUSTER 9,62.08,,,2026-05-19 15:01:41
TV1209,UGS,A1825,SECTION 1,99.81,CLUSTER 9,62.08,,,2026-05-19 15:01:41
TV1210,UGS,A1825,SECTION 1,99.81,CLUSTER 9,62.08,,,2026-05-19 15:01:41
TV1211,UGS,A1825,SECTION 1,99.81,CLUSTER 9,62.08,,,2026-05-19 15:01:41
TV1212,UGS,A1825,SECTION 1,99.81,CLUSTER 9,62.08,,,2026-05-19 15:01:41
TV101,UGS,A1825,SECTION 3,84.43,CLUSTER 1,79.51,,,2026-05-19 15:01:41
TV111,UGS,A1825,SECTION 3,82.89,CLUSTER 1,65.04,,,2026-05-19 15:01:41
TV161,UGS,A1825,SECTION 3,82.89,CLUSTER 1,65.04,,,2026-05-19 15:01:41
TV112,UGS,A1825,SECTION 3,82.89,CLUSTER 1,65.04,,,2026-05-19 15:01:41
TV231,UGS,A1825,SECTION 3,74.19,UNKNOWN,46.11,,,2026-05-19 15:01:41
PT161,UGS,A1825,SECTION 3,82.89,CLUSTER 1,65.04,,,2026-05-19 15:01:41
PTSP2,UGS,A1825,SECTION 4,87.85,CLUSTER 1,89.52,,,2026-05-19 15:01:41
PTSP3,UGS,A1825,SECTION 4,87.85,CLUSTER 1,88.17,,,2026-05-19 15:01:41
PTSP4,UGS,A1825,SECTION 4,87.85,CLUSTER 1,72.0,,,2026-05-19 15:01:41
PTSP5,UGS,A1825,SECTION 4,87.85,CLUSTER 1,87.17,,,2026-05-19 15:01:41
PTSP6,UGS,A1825,SECTION 4,87.85,CLUSTER 1,71.93,,,2026-05-19 15:01:41
TE241A,UGS,A1825,SECTION 3,65.4,CLUSTER 1,69.67,,,2026-05-19 15:01:41
TE161A,UGS,A1825,SECTION 3,69.49,CLUSTER 1,65.64,,,2026-05-19 15:01:41
TE251,UGS,A1825,SECTION 3,74.19,UNKNOWN,46.11,,,2026-05-19 15:01:41
TESP4,UGS,A1825,SECTION 4,87.85,CLUSTER 1,72.0,,,2026-05-19 15:01:41
TESP5,UGS,A1825,SECTION 4,87.85,CLUSTER 1,87.17,,,2026-05-19 15:01:41
TESP6,UGS,A1825,SECTION 4,87.85,CLUSTER 1,71.93,,,2026-05-19 15:01:41
SPCV1,UGS,A1825,SECTION 4,87.6,CLUSTER 1,96.81,,,2026-05-19 15:01:41
PISH211,UGS,A1825,SECTION 3,80.97,UNKNOWN,59.7,,,2026-05-19 15:01:41
PISH261,UGS,A1825,SECTION 3,78.64,UNKNOWN,55.93,,,2026-05-19 15:01:41
TISH211,UGS,A1825,SECTION 3,80.97,UNKNOWN,59.7,,,2026-05-19 15:01:41
TISH261,UGS,A1825,SECTION 3,78.64,UNKNOWN,55.93,,,2026-05-19 15:01:41
PT212,UGS,A1825,SECTION 3,74.19,UNKNOWN,46.11,,,2026-05-19 15:01:41
PT213,UGS,A1825,SECTION 3,74.19,UNKNOWN,46.11,,,2026-05-19 15:01:41
PT211,UGS,A1825,SECTION 3,76.97,UNKNOWN,46.96,,,2026-05-19 15:01:41
PT261,UGS,A1825,SECTION 3,74.19,UNKNOWN,46.11,,,2026-05-19 15:01:41
TE241A,UGS,A1825,SECTION 3,65.4,CLUSTER 1,69.67,,,2026-05-19 15:01:41
TE241B,UGS,A1825,SECTION 3,64.3,CLUSTER 1,69.74,,,2026-05-19 15:01:41
TE261,UGS,A1825,SECTION 3,74.19,UNKNOWN,46.11,,,2026-05-19 15:01:41
SIC211,UGS,A1825,SECTION 3,80.34,UNKNOWN,57.85,,,2026-05-19 15:01:41
SIC261,UGS,A1825,SECTION 3,77.95,UNKNOWN,56.88,,,2026-05-19 15:01:41
FM100,UGS,A1825,SECTION 3,88.93,CLUSTER 1,74.83,,,2026-05-19 15:01:41
FM221,UGS,A1825,SECTION 3,74.19,UNKNOWN,46.11,,,2026-05-19 15:01:41
FM221B,UGS,A1825,SECTION 3,64.3,CLUSTER 1,69.74,,,2026-05-19 15:01:41
FM223,UGS,A1825,SECTION 3,74.19,UNKNOWN,46.11,,,2026-05-19 15:01:41
FM111,UGS,A1825,SECTION 3,82.89,CLUSTER 1,65.04,,,2026-05-19 15:01:41
FMSP1,UGS,A1825,SECTION 4,87.6,CLUSTER 1,96.81,,,2026-05-19 15:01:41
FMSP2,UGS,A1825,SECTION 4,87.85,CLUSTER 1,89.52,,,2026-05-19 15:01:41
LAHH1201,UGS,A1825,SECTION 1,99.79,CLUSTER 9,86.01,,,2026-05-19 15:01:41
LAHH1202,UGS,A1825,SECTION 1,99.79,CLUSTER 9,86.08,,,2026-05-19 15:01:41
LAHH1203,UGS,A1825,SECTION 1,99.79,CLUSTER 9,81.59,,,2026-05-19 15:01:41
LAHH1204,UGS,A1825,SECTION 1,99.79,CLUSTER 9,81.59,,,2026-05-19 15:01:41
LAHH1205,UGS,A1825,SECTION 1,99.79,CLUSTER 9,81.59,,,2026-05-19 15:01:41
LAHH1206,UGS,A1825,SECTION 1,99.79,CLUSTER 9,81.59,,,2026-05-19 15:01:41
LAHH1207,UGS,A1825,SECTION 1,99.79,CLUSTER 9,81.59,,,2026-05-19 15:01:41
LAHH1208,UGS,A1825,SECTION 1,99.79,CLUSTER 9,81.59,,,2026-05-19 15:01:41
LAHH1209,UGS,A1825,SECTION 1,99.79,CLUSTER 9,81.59,,,2026-05-19 15:01:41
LAHH1210,UGS,A1825,SECTION 1,99.79,CLUSTER 9,81.59,,,2026-05-19 15:01:41
LAHH1211,UGS,A1825,SECTION 1,99.79,CLUSTER 9,81.59,,,2026-05-19 15:01:41
LAHH1212,UGS,A1825,SECTION 1,99.79,CLUSTER 9,81.59,,,2026-05-19 15:01:41
LAHH101,UGS,A1825,SECTION 3,85.76,CLUSTER 1,66.62,,,2026-05-19 15:01:41
LAL161,UGS,A1825,SECTION 3,83.84,CLUSTER 3,66.19,,,2026-05-19 15:01:41
LAH161,UGS,A1825,SECTION 3,83.84,CLUSTER 3,66.19,,,2026-05-19 15:01:41
LAL162,UGS,A1825,SECTION 3,83.84,CLUSTER 3,66.19,,,2026-05-19 15:01:41
LAH162,UGS,A1825,SECTION 3,83.84,CLUSTER 3,66.19,,,2026-05-19 15:01:41
LAL221A,UGS,A1825,SECTION 3,67.89,CLUSTER 1,74.45,,,2026-05-19 15:01:41
LAL221B,UGS,A1825,SECTION 3,67.38,CLUSTER 1,73.73,,,2026-05-19 15:01:41
LAH221A,UGS,A1825,SECTION 3,67.89,CLUSTER 1,74.45,,,2026-05-19 15:01:41
LAH221B,UGS,A1825,SECTION 3,67.38,CLUSTER 1,73.73,,,2026-05-19 15:01:41
LAHH221A,UGS,A1825,SECTION 3,68.75,UNKNOWN,34.13,,,2026-05-19 15:01:41
LAHH221B,UGS,A1825,SECTION 3,68.24,UNKNOWN,33.61,,,2026-05-19 15:01:41
LAL231,UGS,A1825,SECTION 3,77.95,UNKNOWN,56.88,,,2026-05-19 15:01:41
LAH231,UGS,A1825,SECTION 3,77.95,UNKNOWN,56.88,,,2026-05-19 15:01:41
LAL241A,UGS,A1825,SECTION 3,67.89,CLUSTER 1,74.45,,,2026-05-19 15:01:41
LAL241B,UGS,A1825,SECTION 3,67.38,CLUSTER 1,73.73,,,2026-05-19 15:01:41
LAH241A,UGS,A1825,SECTION 3,67.89,CLUSTER 1,74.45,,,2026-05-19 15:01:41
LAH241B,UGS,A1825,SECTION 3,67.38,CLUSTER 1,73.73,,,2026-05-19 15:01:41
LAL251,UGS,A1825,SECTION 3,77.95,UNKNOWN,56.88,,,2026-05-19 15:01:41
LAH251,UGS,A1825,SECTION 3,77.95,UNKNOWN,56.88,,,2026-05-19 15:01:41
LAHH261,UGS,A1825,SECTION 3,78.64,UNKNOWN,55.93,,,2026-05-19 15:01:41
LAL131A,UGS,A1825,SECTION 3,70.55,CLUSTER 1,72.88,,,2026-05-19 15:01:41
LAH131A,UGS,A1825,SECTION 3,70.55,CLUSTER 1,72.88,,,2026-05-19 15:01:41
FS131A,UGS,A1825,SECTION 3,69.49,CLUSTER 1,65.64,,,2026-05-19 15:01:41
FS131B,UGS,A1825,SECTION 3,68.65,CLUSTER 1,65.48,,,2026-05-19 15:01:41
FS141A,UGS,A1825,SECTION 3,69.49,CLUSTER 1,65.64,,,2026-05-19 15:01:41
FS141B,UGS,A1825,SECTION 3,68.65,CLUSTER 1,65.48,,,2026-05-19 15:01:41
ROPESWITCH,UGS,A1825,UNKNOWN,31.55,UNKNOWN,41.37,,,2026-05-19 15:01:41
PS3,UGS,A1825,SECTION 4,90.26,CLUSTER 1,77.4,,,2026-05-19 15:01:41
PS1,UGS,A1825,SECTION 4,90.05,CLUSTER 1,93.93,,,2026-05-19 15:01:41
PS2,UGS,A1825,SECTION 4,90.26,CLUSTER 1,86.19,,,2026-05-19 15:01:41
PS4,UGS,A1825,SECTION 4,90.26,CLUSTER 1,64.97,,,2026-05-19 15:01:41
PS5,UGS,A1825,SECTION 4,90.26,CLUSTER 1,78.98,,,2026-05-19 15:01:41
PS6,UGS,A1825,SECTION 4,90.26,CLUSTER 1,65.1,,,2026-05-19 15:01:41
PS7,UGS,A1825,SECTION 4,90.26,CLUSTER 1,81.22,,,2026-05-19 15:01:41
PS8,UGS,A1825,SECTION 4,90.26,CLUSTER 1,70.96,,,2026-05-19 15:01:41
FILTERHORN,UGS,A1825,UNKNOWN,31.55,UNKNOWN,41.37,,,2026-05-19 15:01:41
STANDARDPOSITIONSIGNAL,UGS,A1825,UNKNOWN,31.51,UNKNOWN,41.32,,,2026-05-19 15:01:41
PLFILTERCLOSE,UGS,A1825,UNKNOWN,31.51,UNKNOWN,41.32,,,2026-05-19 15:01:41
PLFILTEROPEN,UGS,A1825,UNKNOWN,31.51,UNKNOWN,41.32,,,2026-05-19 15:01:41
PBEMERGENCYSTOPA,UGS,A1825,UNKNOWN,31.51,UNKNOWN,41.32,,,2026-05-19 15:01:41
PBOPENFILTERA,UGS,A1825,UNKNOWN,31.51,UNKNOWN,41.32,,,2026-05-19 15:01:41
PBCLOSEFILTERA,UGS,A1825,UNKNOWN,31.51,UNKNOWN,41.32,,,2026-05-19 15:01:41
PBSEMISTEPFILTERA,UGS,A1825,UNKNOWN,31.51,UNKNOWN,41.32,,,2026-05-19 15:01:41
TLALARMFILTER,UGS,A1825,UNKNOWN,31.51,UNKNOWN,41.32,,,2026-05-19 15:01:41
TLPROCESSRUNNINGFILTER,UGS,A1825,UNKNOWN,31.51,UNKNOWN,41.32,,,2026-05-19 15:01:41
TLFILTERMOVING,UGS,A1825,UNKNOWN,31.51,UNKNOWN,41.32,,,2026-05-19 15:01:41
LSSP1,UGS,A1825,SECTION 4,87.6,CLUSTER 1,96.81,,,2026-05-19 15:01:41
LSSP2,UGS,A1825,SECTION 4,87.85,CLUSTER 1,89.52,,,2026-05-19 15:01:41
LSSP3,UGS,A1825,SECTION 4,87.85,CLUSTER 1,88.17,,,2026-05-19 15:01:41
LSSP4,UGS,A1825,SECTION 4,87.85,CLUSTER 1,72.0,,,2026-05-19 15:01:41
LSSP5,UGS,A1825,SECTION 4,87.85,CLUSTER 1,87.17,,,2026-05-19 15:01:41
LSSP6,UGS,A1825,SECTION 4,87.85,CLUSTER 1,71.93,,,2026-05-19 15:01:41
LAL131B,UGS,A1825,SECTION 3,70.1,CLUSTER 1,71.32,,,2026-05-19 15:01:41
LAH131B,UGS,A1825,SECTION 3,70.1,CLUSTER 1,71.32,,,2026-05-19 15:01:41
V101,UGS,A1825,SECTION 3,84.77,UNKNOWN,50.67,,,2026-05-19 15:01:41
V111,UGS,A1825,SECTION 3,83.21,UNKNOWN,53.81,,,2026-05-19 15:01:41
V112,UGS,A1825,SECTION 3,83.21,UNKNOWN,53.81,,,2026-05-19 15:01:41
V113,UGS,A1825,SECTION 3,83.21,UNKNOWN,53.81,,,2026-05-19 15:01:41
V114,UGS,A1825,SECTION 3,83.21,UNKNOWN,53.81,,,2026-05-19 15:01:41
V115,UGS,A1825,SECTION 3,83.21,UNKNOWN,53.81,,,2026-05-19 15:01:41
V1201A,UGS,A1825,SECTION 1,86.89,CLUSTER 9,75.14,,,2026-05-19 15:01:41
V1201B,UGS,A1825,SECTION 1,89.83,CLUSTER 9,75.14,,,2026-05-19 15:01:41
V1201C,UGS,A1825,SECTION 1,91.07,CLUSTER 9,73.09,,,2026-05-19 15:01:41
V1201D,UGS,A1825,SECTION 1,90.82,CLUSTER 9,75.0,,,2026-05-19 15:01:41
V1201E,UGS,A1825,SECTION 1,91.07,CLUSTER 9,73.27,,,2026-05-19 15:01:41
V1201F,UGS,A1825,SECTION 1,91.07,CLUSTER 9,73.27,,,2026-05-19 15:01:41
V1201G,UGS,A1825,SECTION 1,91.07,CLUSTER 9,73.09,,,2026-05-19 15:01:41
V1201H,UGS,A1825,SECTION 1,91.07,CLUSTER 9,73.09,,,2026-05-19 15:01:41
V1201I,UGS,A1825,SECTION 1,91.07,CLUSTER 9,73.09,,,2026-05-19 15:01:41
V1202A,UGS,A1825,SECTION 1,86.89,CLUSTER 9,67.45,,,2026-05-19 15:01:41
V1202B,UGS,A1825,SECTION 1,89.83,CLUSTER 9,67.44,,,2026-05-19 15:01:41
V1202C,UGS,A1825,SECTION 1,91.07,CLUSTER 9,64.62,,,2026-05-19 15:01:41
V1202D,UGS,A1825,SECTION 1,90.82,CLUSTER 9,67.31,,,2026-05-19 15:01:41
V1202E,UGS,A1825,SECTION 1,91.07,CLUSTER 9,64.93,,,2026-05-19 15:01:41
V1202F,UGS,A1825,SECTION 1,91.07,CLUSTER 9,64.93,,,2026-05-19 15:01:41
V1202G,UGS,A1825,SECTION 1,91.07,CLUSTER 9,64.62,,,2026-05-19 15:01:41
V1202H,UGS,A1825,SECTION 1,91.07,CLUSTER 9,64.62,,,2026-05-19 15:01:41
V1202I,UGS,A1825,SECTION 1,91.07,CLUSTER 9,64.62,,,2026-05-19 15:01:41
V1203A,UGS,A1825,SECTION 1,86.89,CLUSTER 9,60.24,,,2026-05-19 15:01:41
V1203B,UGS,A1825,SECTION 1,89.83,CLUSTER 9,60.23,,,2026-05-19 15:01:41
V1203C,UGS,A1825,SECTION 1,91.07,UNKNOWN,57.51,,,2026-05-19 15:01:41
V1203D,UGS,A1825,SECTION 1,90.82,CLUSTER 9,60.06,,,2026-05-19 15:01:41
V1203E,UGS,A1825,SECTION 1,91.07,UNKNOWN,57.77,,,2026-05-19 15:01:41
V1203F,UGS,A1825,SECTION 1,91.07,UNKNOWN,57.77,,,2026-05-19 15:01:41
V1203G,UGS,A1825,SECTION 1,91.07,UNKNOWN,57.51,,,2026-05-19 15:01:41
V1203H,UGS,A1825,SECTION 1,91.07,UNKNOWN,57.51,,,2026-05-19 15:01:41
V1203I,UGS,A1825,SECTION 1,91.07,UNKNOWN,57.51,,,2026-05-19 15:01:41
V1204A,UGS,A1825,SECTION 1,86.89,CLUSTER 9,60.24,,,2026-05-19 15:01:41
V1204B,UGS,A1825,SECTION 1,89.83,CLUSTER 9,60.23,,,2026-05-19 15:01:41
V1204C,UGS,A1825,SECTION 1,91.07,UNKNOWN,57.51,,,2026-05-19 15:01:41
V1204D,UGS,A1825,SECTION 1,90.82,CLUSTER 9,60.06,,,2026-05-19 15:01:41
V1204E,UGS,A1825,SECTION 1,91.07,UNKNOWN,57.77,,,2026-05-19 15:01:41
V1204F,UGS,A1825,SECTION 1,91.07,UNKNOWN,57.77,,,2026-05-19 15:01:41
V1204G,UGS,A1825,SECTION 1,91.07,UNKNOWN,57.51,,,2026-05-19 15:01:41
V1204H,UGS,A1825,SECTION 1,91.07,UNKNOWN,57.51,,,2026-05-19 15:01:41
V1204I,UGS,A1825,SECTION 1,91.07,UNKNOWN,57.51,,,2026-05-19 15:01:41
V1205A,UGS,A1825,SECTION 1,86.89,CLUSTER 9,60.24,,,2026-05-19 15:01:41
V1205B,UGS,A1825,SECTION 1,89.83,CLUSTER 9,60.23,,,2026-05-19 15:01:41
V1205C,UGS,A1825,SECTION 1,91.07,UNKNOWN,57.51,,,2026-05-19 15:01:41
V1205D,UGS,A1825,SECTION 1,90.82,CLUSTER 9,60.06,,,2026-05-19 15:01:41
V1205E,UGS,A1825,SECTION 1,91.07,UNKNOWN,57.77,,,2026-05-19 15:01:41
V1205F,UGS,A1825,SECTION 1,91.07,UNKNOWN,57.77,,,2026-05-19 15:01:41
V1205G,UGS,A1825,SECTION 1,91.07,UNKNOWN,57.51,,,2026-05-19 15:01:41
V1205H,UGS,A1825,SECTION 1,91.07,UNKNOWN,57.51,,,2026-05-19 15:01:41
V1205I,UGS,A1825,SECTION 1,91.07,UNKNOWN,57.51,,,2026-05-19 15:01:41
V1206A,UGS,A1825,SECTION 1,86.89,CLUSTER 9,60.24,,,2026-05-19 15:01:41
V1206B,UGS,A1825,SECTION 1,89.83,CLUSTER 9,60.23,,,2026-05-19 15:01:41
V1206C,UGS,A1825,SECTION 1,91.07,UNKNOWN,57.51,,,2026-05-19 15:01:41
V1206D,UGS,A1825,SECTION 1,90.82,CLUSTER 9,60.06,,,2026-05-19 15:01:41
V1206E,UGS,A1825,SECTION 1,91.07,UNKNOWN,57.77,,,2026-05-19 15:01:41
V1206F,UGS,A1825,SECTION 1,91.07,UNKNOWN,57.77,,,2026-05-19 15:01:41
V1206G,UGS,A1825,SECTION 1,91.07,UNKNOWN,57.51,,,2026-05-19 15:01:41
V1206H,UGS,A1825,SECTION 1,91.07,UNKNOWN,57.51,,,2026-05-19 15:01:41
V1206I,UGS,A1825,SECTION 1,91.07,UNKNOWN,57.51,,,2026-05-19 15:01:41
V1207A,UGS,A1825,SECTION 1,86.89,CLUSTER 9,60.24,,,2026-05-19 15:01:41
V1207B,UGS,A1825,SECTION 1,89.83,CLUSTER 9,60.23,,,2026-05-19 15:01:41
V1207C,UGS,A1825,SECTION 1,91.07,UNKNOWN,57.51,,,2026-05-19 15:01:41
V1207D,UGS,A1825,SECTION 1,90.82,CLUSTER 9,60.06,,,2026-05-19 15:01:41
V1207E,UGS,A1825,SECTION 1,91.07,UNKNOWN,57.77,,,2026-05-19 15:01:41
V1207F,UGS,A1825,SECTION 1,91.07,UNKNOWN,57.77,,,2026-05-19 15:01:41
V1207G,UGS,A1825,SECTION 1,91.07,UNKNOWN,57.51,,,2026-05-19 15:01:41
V1207H,UGS,A1825,SECTION 1,91.07,UNKNOWN,57.51,,,2026-05-19 15:01:41
V1207I,UGS,A1825,SECTION 1,91.07,UNKNOWN,57.51,,,2026-05-19 15:01:41
V1208A,UGS,A1825,SECTION 1,86.89,CLUSTER 9,60.24,,,2026-05-19 15:01:41
V1208B,UGS,A1825,SECTION 1,89.83,CLUSTER 9,60.23,,,2026-05-19 15:01:41
V1208C,UGS,A1825,SECTION 1,91.07,UNKNOWN,57.51,,,2026-05-19 15:01:41
V1208D,UGS,A1825,SECTION 1,90.82,CLUSTER 9,60.06,,,2026-05-19 15:01:41
V1208E,UGS,A1825,SECTION 1,91.07,UNKNOWN,57.77,,,2026-05-19 15:01:41
V1208F,UGS,A1825,SECTION 1,91.07,UNKNOWN,57.77,,,2026-05-19 15:01:41
V1208G,UGS,A1825,SECTION 1,91.07,UNKNOWN,57.51,,,2026-05-19 15:01:41
V1208H,UGS,A1825,SECTION 1,91.07,UNKNOWN,57.51,,,2026-05-19 15:01:41
V1208I,UGS,A1825,SECTION 1,91.07,UNKNOWN,57.51,,,2026-05-19 15:01:41
V1209A,UGS,A1825,SECTION 1,86.89,CLUSTER 9,60.24,,,2026-05-19 15:01:41
V1209B,UGS,A1825,SECTION 1,89.83,CLUSTER 9,60.23,,,2026-05-19 15:01:41
V1209C,UGS,A1825,SECTION 1,91.07,UNKNOWN,57.51,,,2026-05-19 15:01:41
V1209D,UGS,A1825,SECTION 1,90.82,CLUSTER 9,60.06,,,2026-05-19 15:01:41
V1209E,UGS,A1825,SECTION 1,91.07,UNKNOWN,57.77,,,2026-05-19 15:01:41
V1209F,UGS,A1825,SECTION 1,91.07,UNKNOWN,57.77,,,2026-05-19 15:01:41
V1209G,UGS,A1825,SECTION 1,91.07,UNKNOWN,57.51,,,2026-05-19 15:01:41
V1209H,UGS,A1825,SECTION 1,91.07,UNKNOWN,57.51,,,2026-05-19 15:01:41
V1209I,UGS,A1825,SECTION 1,91.07,UNKNOWN,57.51,,,2026-05-19 15:01:41
V1210A,UGS,A1825,SECTION 1,86.89,CLUSTER 9,60.24,,,2026-05-19 15:01:41
V1210B,UGS,A1825,SECTION 1,89.83,CLUSTER 9,60.23,,,2026-05-19 15:01:41
V1210C,UGS,A1825,SECTION 1,91.07,UNKNOWN,57.51,,,2026-05-19 15:01:41
V1210D,UGS,A1825,SECTION 1,90.82,CLUSTER 9,60.06,,,2026-05-19 15:01:41
V1210E,UGS,A1825,SECTION 1,91.07,UNKNOWN,57.77,,,2026-05-19 15:01:41
V1210F,UGS,A1825,SECTION 1,91.07,UNKNOWN,57.77,,,2026-05-19 15:01:41
V1210G,UGS,A1825,SECTION 1,91.07,UNKNOWN,57.51,,,2026-05-19 15:01:41
V1210H,UGS,A1825,SECTION 1,91.07,UNKNOWN,57.51,,,2026-05-19 15:01:41
V1210I,UGS,A1825,SECTION 1,91.07,UNKNOWN,57.51,,,2026-05-19 15:01:41
V1211A,UGS,A1825,SECTION 1,86.89,CLUSTER 9,60.24,,,2026-05-19 15:01:41
V1211B,UGS,A1825,SECTION 1,89.83,CLUSTER 9,60.23,,,2026-05-19 15:01:41
V1211C,UGS,A1825,SECTION 1,91.07,UNKNOWN,57.51,,,2026-05-19 15:01:41
V1211D,UGS,A1825,SECTION 1,90.82,CLUSTER 9,60.06,,,2026-05-19 15:01:41
V1211E,UGS,A1825,SECTION 1,91.07,UNKNOWN,57.77,,,2026-05-19 15:01:41
V1211F,UGS,A1825,SECTION 1,91.07,UNKNOWN,57.77,,,2026-05-19 15:01:41
V1211G,UGS,A1825,SECTION 1,91.07,UNKNOWN,57.51,,,2026-05-19 15:01:41
V1211H,UGS,A1825,SECTION 1,91.07,UNKNOWN,57.51,,,2026-05-19 15:01:41
V1211I,UGS,A1825,SECTION 1,91.07,UNKNOWN,57.51,,,2026-05-19 15:01:41
V1212A,UGS,A1825,SECTION 1,86.89,CLUSTER 9,60.24,,,2026-05-19 15:01:41
V1212B,UGS,A1825,SECTION 1,89.83,CLUSTER 9,60.23,,,2026-05-19 15:01:41
V1212C,UGS,A1825,SECTION 1,91.07,UNKNOWN,57.51,,,2026-05-19 15:01:41
V1212D,UGS,A1825,SECTION 1,90.82,CLUSTER 9,60.06,,,2026-05-19 15:01:41
V1212E,UGS,A1825,SECTION 1,91.07,UNKNOWN,57.77,,,2026-05-19 15:01:41
V1212F,UGS,A1825,SECTION 1,91.07,UNKNOWN,57.77,,,2026-05-19 15:01:41
V1212G,UGS,A1825,SECTION 1,91.07,UNKNOWN,57.51,,,2026-05-19 15:01:41
V1212H,UGS,A1825,SECTION 1,91.07,UNKNOWN,57.51,,,2026-05-19 15:01:41
V1212I,UGS,A1825,SECTION 1,91.07,UNKNOWN,57.51,,,2026-05-19 15:01:41
V160,UGS,A1825,SECTION 3,83.21,UNKNOWN,53.81,,,2026-05-19 15:01:41
V162,UGS,A1825,SECTION 3,83.21,UNKNOWN,53.81,,,2026-05-19 15:01:41
V243,UGS,A1825,SECTION 3,74.49,UNKNOWN,40.85,,,2026-05-19 15:01:41
V251,UGS,A1825,SECTION 3,74.49,UNKNOWN,40.85,,,2026-05-19 15:01:41
V261,UGS,A1825,SECTION 3,74.49,UNKNOWN,40.85,,,2026-05-19 15:01:41
V262,UGS,A1825,SECTION 3,74.49,UNKNOWN,40.85,,,2026-05-19 15:01:41
V263,UGS,A1825,SECTION 3,74.49,UNKNOWN,40.85,,,2026-05-19 15:01:41
V264,UGS,A1825,SECTION 3,74.49,UNKNOWN,40.85,,,2026-05-19 15:01:41
TV241A,UGS,A1825,SECTION 3,65.4,CLUSTER 1,69.67,,,2026-05-19 15:01:41
TV241B,UGS,A1825,SECTION 3,64.3,CLUSTER 1,69.74,,,2026-05-19 15:01:41
Y1A,UGS,A1825,SECTION 2,90.72,CLUSTER 1,96.31,,,2026-05-19 15:01:41
Y2A,UGS,A1825,SECTION 2,90.72,CLUSTER 1,93.01,,,2026-05-19 15:01:41
Y3A,UGS,A1825,SECTION 2,90.72,CLUSTER 1,79.36,,,2026-05-19 15:01:41
Y5A,UGS,A1825,SECTION 2,90.72,CLUSTER 1,85.8,,,2026-05-19 15:01:41
Y6A,UGS,A1825,SECTION 2,90.72,CLUSTER 4,62.77,,,2026-05-19 15:01:41
Y7A,UGS,A1825,SECTION 2,90.72,CLUSTER 1,89.86,,,2026-05-19 15:01:41
Y8A,UGS,A1825,SECTION 2,90.72,CLUSTER 1,89.9,,,2026-05-19 15:01:41
Y9A,UGS,A1825,SECTION 2,90.72,CLUSTER 1,89.66,,,2026-05-19 15:01:41
Y10A,UGS,A1825,SECTION 2,91.68,UNKNOWN,58.95,,,2026-05-19 15:01:41
Y11A,UGS,A1825,SECTION 2,91.68,UNKNOWN,57.2,,,2026-05-19 15:01:41
Y12A,UGS,A1825,SECTION 2,91.88,CLUSTER 1,95.78,,,2026-05-19 15:01:41
Y13A,UGS,A1825,SECTION 2,91.88,CLUSTER 1,95.78,,,2026-05-19 15:01:41
Y20A,UGS,A1825,SECTION 2,91.88,CLUSTER 1,95.78,,,2026-05-19 15:01:41
Y21A,UGS,A1825,SECTION 2,97.76,CLUSTER 1,97.27,,,2026-05-19 15:01:41
Y1B,UGS,A1825,SECTION 2,90.74,CLUSTER 1,96.69,,,2026-05-19 15:01:41
Y2B,UGS,A1825,SECTION 2,90.74,CLUSTER 1,93.54,,,2026-05-19 15:01:41
Y3B,UGS,A1825,SECTION 2,90.74,CLUSTER 1,81.58,,,2026-05-19 15:01:41
Y5B,UGS,A1825,SECTION 2,90.74,CLUSTER 1,86.59,,,2026-05-19 15:01:41
Y6B,UGS,A1825,SECTION 2,90.74,CLUSTER 4,61.66,,,2026-05-19 15:01:41
Y7B,UGS,A1825,SECTION 2,90.74,CLUSTER 1,90.79,,,2026-05-19 15:01:41
Y8B,UGS,A1825,SECTION 2,90.74,CLUSTER 1,90.37,,,2026-05-19 15:01:41
Y9B,UGS,A1825,SECTION 2,90.74,CLUSTER 1,90.57,,,2026-05-19 15:01:41
Y10B,UGS,A1825,SECTION 2,91.68,UNKNOWN,59.68,,,2026-05-19 15:01:41
Y11B,UGS,A1825,SECTION 2,91.68,UNKNOWN,56.89,,,2026-05-19 15:01:41
Y12B,UGS,A1825,SECTION 2,91.88,CLUSTER 1,96.16,,,2026-05-19 15:01:41
Y13B,UGS,A1825,SECTION 2,91.88,CLUSTER 1,96.16,,,2026-05-19 15:01:41
Y20B,UGS,A1825,SECTION 2,91.88,CLUSTER 1,96.16,,,2026-05-19 15:01:41
Y21B,UGS,A1825,SECTION 2,97.68,CLUSTER 1,97.54,,,2026-05-19 15:01:41
D6,UGS,A1825,SECTION 4,90.26,CLUSTER 1,65.1,,,2026-05-19 15:01:41
D7,UGS,A1825,SECTION 4,90.26,CLUSTER 1,81.22,,,2026-05-19 15:01:41
D8,UGS,A1825,SECTION 4,90.26,CLUSTER 1,70.96,,,2026-05-19 15:01:41
W4,UGS,A1825,SECTION 4,90.26,CLUSTER 1,64.97,,,2026-05-19 15:01:41
W5,UGS,A1825,SECTION 4,90.26,CLUSTER 1,78.98,,,2026-05-19 15:01:41
SPV6,UGS,A1825,SECTION 4,90.26,CLUSTER 1,65.1,,,2026-05-19 15:01:41
SPV7,UGS,A1825,SECTION 4,90.26,CLUSTER 1,81.22,,,2026-05-19 15:01:41
SPV8,UGS,A1825,SECTION 4,90.26,CLUSTER 1,70.96,,,2026-05-19 15:01:41
